team,elo,matches_played,first_match_date,last_match_date_x,career_points_per_game,career_goals_for_per_game,career_goals_against_per_game,career_goal_diff_per_game,career_win_rate,career_clean_sheet_rate,last_5_matches,last_5_points_per_game,last_5_goals_for_per_game,last_5_goals_against_per_game,last_5_goal_diff_per_game,last_5_win_rate,last_5_clean_sheet_rate,last_5_failed_to_score_rate,last_10_matches,last_10_points_per_game,last_10_goals_for_per_game,last_10_goals_against_per_game,last_10_goal_diff_per_game,last_10_win_rate,last_10_clean_sheet_rate,last_10_failed_to_score_rate,last_20_matches,last_20_points_per_game,last_20_goals_for_per_game,last_20_goals_against_per_game,last_20_goal_diff_per_game,last_20_win_rate,last_20_clean_sheet_rate,last_20_failed_to_score_rate,last_50_matches,last_50_points_per_game,last_50_goals_for_per_game,last_50_goals_against_per_game,last_50_goal_diff_per_game,last_50_win_rate,last_50_clean_sheet_rate,last_50_failed_to_score_rate,custom_elo,strength_score_v1,matches,weighted_goals_for,weighted_goals_against,attack_rating,defense_rating,last_10_goals_for,last_10_goals_against,last_20_goals_for,last_20_goals_against,last_50_goals_for,last_50_goals_against,last_match_date_y,net_rating,market_value_eur,elo_norm,market_norm,attack_norm,defense_norm,form_norm,intelligence_score,decimal_odds,market_champion_prob,source,market_score,intelligence_score_v2
Spain,2031.028518089156,366.0,1990-02-21,2026-03-31,2.136612021857923,2.0956284153005464,0.7513661202185792,1.3442622950819672,0.6366120218579235,0.4890710382513661,5.0,2.2,2.6,0.4,2.2,0.6,0.8,0.2,10.0,2.4,3.1,0.8,2.3,0.7,0.7,0.1,20.0,2.4,2.65,0.95,1.7,0.7,0.5,0.1,50.0,2.32,2.34,0.78,1.56,0.7,0.5,0.12,1983.5104796492503,1268.5797158421626,366.0,2.2150603728158944,0.7749068673048946,1.722853687114052,0.5661148584970493,3.1,0.8,2.65,0.95,2.34,0.78,2026-03-31,1.0857414784967914,1270000000.0,1.0,0.9664579414192328,0.7787156980604936,0.66101844534524,0.8888888888888888,0.8964634957545571,5.5,0.152306785286518,bet365,1.0,0.9725615674781254
France,1961.1749702989048,403.0,1990-01-21,2026-03-29,2.074441687344913,1.8387096774193548,0.771712158808933,1.066997518610422,0.6153846153846154,0.4764267990074441,5.0,2.6,2.8,1.0,1.8,0.8,0.2,0.0,10.0,2.5,2.7,1.1,1.6,0.8,0.4,0.0,20.0,2.1,2.1,1.05,1.05,0.65,0.4,0.15,50.0,2.0,2.1,0.94,1.16,0.6,0.4,0.18,1917.5783778681637,1180.9102700406738,403.0,1.96767995208025,0.8573434390702156,1.466977943253863,0.6255199962816608,2.7,1.1,2.1,1.05,2.1,0.94,2026-03-29,0.8370902147939664,1480000000.0,0.9247222966641256,1.0,0.668687312225894,0.578077263377441,0.9259259259259258,0.8532600827655368,6.0,0.1396145531793081,bet365,0.9215492476394096,0.9200774562592146
England,1891.2944557905791,378.0,1990-03-28,2026-03-31,1.947089947089947,1.7724867724867726,0.7962962962962963,0.9761904761904762,0.5634920634920635,0.4682539682539682,5.0,2.0,2.0,0.4,1.6,0.6,0.6,0.2,10.0,2.2,2.2,0.5,1.7,0.7,0.7,0.1,20.0,2.2,2.1,0.65,1.45,0.7,0.55,0.05,50.0,1.96,1.98,0.78,1.2,0.58,0.46,0.16,1852.4055323878736,1183.5824895745432,378.0,1.8927332271556785,0.7684415497121774,1.497484139734008,0.5359491243736589,2.2,0.5,2.1,0.65,1.98,0.78,2026-03-31,0.847611107745084,1310000000.0,0.8503114710558418,0.9732551700042154,0.6353529556001025,0.6682758969788598,0.8148148148148149,0.8179486167389244,7.0,0.1196696170108355,bet365,0.7964866487277613,0.8586402618012441
Argentina,2014.3140143479104,431.0,1990-01-17,2026-03-31,1.9976798143851509,1.777262180974478,0.8654292343387471,0.9118329466357308,0.5823665893271461,0.4524361948955916,5.0,2.4,2.0,0.4,1.6,0.8,0.6,0.2,10.0,2.5,2.0,0.4,1.6,0.8,0.6,0.1,20.0,2.25,1.95,0.5,1.45,0.7,0.6,0.05,50.0,2.48,2.08,0.42,1.66,0.78,0.7,0.06,1977.096873366605,1281.6935930149723,431.0,1.866542290713426,0.7317389332607184,1.4418751937639032,0.5351711082306363,2.0,0.4,1.95,0.5,2.08,0.42,2026-03-31,0.8555359344743232,801500000.0,0.9926772916680084,0.8655661814261566,0.6237039073380448,0.7119058413098606,0.9259259259259258,0.8567626523301204,9.0,0.0930763687862054,bet365,0.6262256751967478,0.8320966983081655
Brazil,1894.551840721531,460.0,1990-03-28,2026-03-31,2.05,2.0369565217391306,0.782608695652174,1.2543478260869565,0.6043478260869565,0.4760869565217391,5.0,1.4,1.8,1.4,0.4,0.4,0.2,0.0,10.0,1.4,1.4,1.2,0.2,0.4,0.4,0.2,20.0,1.65,1.5,0.95,0.55,0.45,0.35,0.2,50.0,1.86,1.78,0.88,0.9,0.54,0.42,0.18,1845.0793235103713,970.2856955796668,460.0,1.9123872972917877,0.7503312913612692,1.485755317897608,0.5381340461582479,1.4,1.2,1.5,0.95,1.78,0.88,2026-03-31,0.876081890678313,909200000.0,0.8419468025019953,0.8932020683093287,0.6440945755137776,0.6892708730448666,0.5185185185185185,0.7698385670886789,9.0,0.0930763687862054,bet365,0.6262256751967478,0.7954442461343963
Portugal,1904.5596113869317,354.0,1990-08-29,2026-03-28,1.9830508474576272,2.022598870056497,0.8192090395480226,1.2033898305084745,0.576271186440678,0.4830508474576271,5.0,2.2,3.8,1.0,2.8,0.6,0.4,0.2,10.0,1.9,2.9,1.2,1.7,0.5,0.2,0.2,20.0,1.85,2.25,1.0,1.25,0.5,0.3,0.3,50.0,2.04,2.54,0.92,1.62,0.62,0.4,0.22,1854.5138196903304,1090.5312188606486,354.0,2.146555974134327,0.8651719349064774,1.6249824296253506,0.6185971761758188,2.9,1.2,2.25,1.0,2.54,0.92,2026-03-28,0.9660441029026192,972000000.0,0.8527185993258929,0.9078421287426708,0.7482467208185258,0.5710226095317665,0.7037037037037036,0.7936728118726444,11.0,0.076153392643259,bet365,0.5157073297490454,0.778252205576103
Germany,1880.492072139233,402.0,1990-02-28,2026-03-30,1.9676616915422889,2.1194029850746268,1.0522388059701493,1.0671641791044777,0.5771144278606966,0.36318407960199,5.0,3.0,3.6,0.8,2.8,1.0,0.6,0.0,10.0,1.9,2.4,1.4,1.0,0.6,0.3,0.2,20.0,2.0,2.3,1.1,1.2,0.6,0.35,0.1,50.0,1.76,2.16,1.18,0.98,0.5,0.32,0.14,1817.62623890133,1057.9318075055985,402.0,2.157413409520438,1.1348044454815711,1.691030640403444,0.8110295811912741,2.4,1.4,2.3,1.1,2.16,1.18,2026-03-30,0.7709518216571469,998000000.0,0.8106023571858763,0.9136282712891972,0.7530758260738435,0.387451877527989,0.7037037037037036,0.7535674187480013,15.0,0.0558458212717232,bet365,0.3807680280041571,0.7330510058451308
Netherlands,1881.014899895177,364.0,1990-02-21,2026-03-31,1.9505494505494505,2.021978021978022,0.8873626373626373,1.1346153846153846,0.5659340659340659,0.4313186813186813,5.0,2.2,2.4,0.6,1.8,0.6,0.4,0.0,10.0,2.4,3.0,0.6,2.4,0.7,0.5,0.0,20.0,1.85,2.5,1.05,1.45,0.5,0.35,0.05,50.0,2.0,2.4,1.02,1.38,0.58,0.44,0.06,1844.1780379693892,1197.8801170862253,364.0,2.1875656213206964,0.9484822492874216,1.6458265599068724,0.7048545460372331,3.0,0.6,2.5,1.05,2.4,1.02,2026-03-31,0.9341533435040628,833500000.0,0.8409177634793924,0.8741473112534347,0.7664867467273848,0.5031613715041492,0.8888888888888888,0.7921941516547649,21.0,0.0398898723369451,bet365,0.2729108892861411,0.6989415954470671
Morocco,1873.3055401734448,312.0,1990-08-09,2026-03-31,1.9166666666666667,1.5961538461538465,0.6666666666666666,0.9294871794871796,0.5544871794871795,0.5384615384615384,5.0,2.2,1.6,0.4,1.2,0.6,0.6,0.2,10.0,2.4,1.8,0.5,1.3,0.7,0.6,0.1,20.0,2.6,1.85,0.3,1.55,0.8,0.75,0.1,50.0,2.46,1.92,0.38,1.54,0.76,0.7,0.16,1856.316357321206,1217.3423607945429,312.0,1.7692412768719,0.5562941458082794,1.2868405016185975,0.433958029279581,1.8,0.5,1.85,0.3,1.92,0.38,2026-03-31,0.9144490544792124,484200000.0,0.8547766391784571,0.7550957462627994,0.5804269436186985,1.0,0.8888888888888888,0.8138986907098535,51.0,0.0164252415505068,bet365,0.1112528584840265,0.6215424008830603
Norway,1775.2208817064434,332.0,1990-02-07,2026-03-31,1.6355421686746987,1.5301204819277108,1.0,0.5301204819277109,0.4548192771084337,0.3915662650602409,5.0,2.0,2.8,0.8,2.0,0.6,0.4,0.2,10.0,2.5,3.4,0.7,2.7,0.8,0.5,0.1,20.0,2.25,2.95,0.9,2.05,0.7,0.5,0.1,50.0,1.94,2.3,0.96,1.34,0.58,0.44,0.18,1736.425988458215,1203.3916948061967,332.0,1.7977146683553642,1.0632934623922208,1.3498066587115942,0.7666074256080352,3.4,0.7,2.95,0.9,2.3,0.96,2026-03-31,0.5536851196420806,597200000.0,0.717892308536874,0.8010723712958963,0.5930911685999877,0.4270662893502548,0.9259259259259258,0.6971466120970088,26.0,0.0322187430413788,bet365,0.220466003232008,0.6125921936552741
Belgium,1784.6225334771557,314.0,1990-01-17,2026-03-31,1.71656050955414,1.751592356687898,1.0987261146496816,0.6528662420382165,0.4936305732484076,0.3662420382165605,5.0,2.2,3.8,0.8,3.0,0.6,0.4,0.0,10.0,2.0,3.3,1.1,2.2,0.6,0.4,0.1,20.0,1.55,2.2,1.05,1.15,0.45,0.35,0.3,50.0,1.76,2.04,1.04,1.0,0.52,0.38,0.18,1744.7753743894657,1051.1489184752595,314.0,2.0959530818200474,0.9829336842931072,1.6020558577951745,0.716603632145322,3.3,1.1,2.2,1.05,2.04,1.04,2026-03-31,0.8391128595959786,548200000.0,0.7274251852417042,0.7823068412412533,0.7257398686458872,0.4784607132975946,0.7407407407407407,0.7048796865105061,34.0,0.0246378623257602,bet365,0.1682538036245112,0.6119494912628105
Japan,1855.7452085866976,380.0,1990-09-26,2026-03-31,1.8526315789473684,1.9894736842105265,1.0052631578947369,0.9842105263157894,0.5473684210526316,0.431578947368421,5.0,3.0,2.0,0.4,1.6,1.0,0.8,0.0,10.0,2.3,2.0,0.5,1.5,0.7,0.7,0.2,20.0,2.25,2.6,0.7,1.9,0.7,0.55,0.1,50.0,2.24,2.92,0.78,2.14,0.7,0.42,0.12,1850.8787164104665,1230.89542238471,380.0,2.26682407995266,0.9292050701823248,1.5923218462832966,0.6525421104789503,2.0,0.5,2.6,0.7,2.92,0.78,2026-03-31,1.00844002793865,279050000.0,0.8485682352558163,0.6342969037801512,0.801738850515875,0.5177817070382441,0.8518518518518517,0.7386863771028765,51.0,0.0164252415505068,bet365,0.1112528584840265,0.5902682321405577
Senegal,1812.548824779064,331.0,1990-01-24,2026-03-31,1.770392749244713,1.444108761329305,0.8308157099697885,0.6132930513595166,0.5015105740181269,0.459214501510574,5.0,2.4,1.4,0.8,0.6,0.8,0.6,0.2,10.0,2.4,2.4,0.7,1.7,0.8,0.6,0.2,20.0,2.6,2.2,0.4,1.8,0.85,0.75,0.15,50.0,2.18,1.76,0.62,1.14,0.66,0.58,0.22,1793.5993824816353,1197.1197221167358,331.0,1.652790213747091,0.7203580363696226,1.241632308823363,0.5449032237652168,2.4,0.7,2.2,0.4,1.76,0.62,2026-03-31,0.7029669316428727,468000000.0,0.7831697936728734,0.7476366616565026,0.5286325353698826,0.726337842496675,0.8888888888888888,0.7381530387685039,126.0,0.0066483120561575,bet365,0.042791018475405,0.5745102498885698
Colombia,1882.3845102844891,393.0,1990-02-02,2026-03-29,1.5903307888040712,1.2697201017811706,0.905852417302799,0.3638676844783715,0.4274809160305343,0.455470737913486,5.0,1.4,1.8,1.0,0.8,0.4,0.6,0.2,10.0,1.6,2.1,1.1,1.0,0.4,0.5,0.2,20.0,1.45,1.85,1.05,0.8,0.4,0.4,0.25,50.0,1.84,1.6,0.8,0.8,0.52,0.46,0.28,1821.738144608152,1009.7821650736682,393.0,1.4113322803365052,0.8763675584263346,1.0897315024933505,0.6535042637938003,2.1,1.1,1.85,1.05,1.6,0.8,2026-03-29,0.4033135258760351,308950000.0,0.815297108446362,0.6566082305484685,0.4212383180703851,0.5611526764967539,0.5925925925925926,0.6561239540376739,34.0,0.0246378623257602,bet365,0.1682538036245112,0.5972029824332235
Croatia,1844.7448138608356,333.0,1990-12-22,2026-03-31,1.8258258258258255,1.6546546546546546,0.975975975975976,0.6786786786786787,0.5195195195195195,0.4084084084084084,5.0,2.4,2.6,1.2,1.4,0.8,0.4,0.0,10.0,1.9,2.3,1.0,1.3,0.6,0.4,0.2,20.0,1.75,1.95,1.25,0.7,0.5,0.3,0.2,50.0,1.9,1.82,0.98,0.84,0.54,0.38,0.2,1795.3548264025983,1031.9096718811693,333.0,1.6756014357540756,1.0608747536151828,1.294301271823456,0.7612535294496847,2.3,1.0,1.95,1.25,1.82,0.98,2026-03-31,0.4634466077281723,370700000.0,0.7851740644777657,0.6965481992989653,0.5387783744337807,0.4284995360759572,0.7037037037037036,0.6644100293387902,81.0,0.0103418187540228,bet365,0.0687322135113353,0.5745045469094332
Uruguay,1824.3068956812497,366.0,1990-02-02,2026-03-31,1.546448087431694,1.4398907103825136,1.098360655737705,0.3415300546448087,0.4207650273224044,0.3633879781420765,5.0,1.4,0.6,0.4,0.2,0.2,0.6,0.6,10.0,1.4,0.8,0.5,0.3,0.3,0.6,0.6,20.0,1.2,0.75,0.65,0.1,0.2,0.5,0.6,50.0,1.7,1.48,0.78,0.7,0.46,0.5,0.36,1784.5235434765625,949.0355945644532,366.0,1.4691978276808992,0.942618358319669,1.0683010891349145,0.703712882791682,0.8,0.5,0.75,0.65,1.48,0.78,2026-03-31,0.3969918272062637,371100000.0,0.7728074921885908,0.6967845897844493,0.4469754105646332,0.5075454207192297,0.5185185185185185,0.6397087462565503,67.0,0.0125027958071022,bet365,0.0838658107854402,0.5624664735436288
Switzerland,1803.821214340636,328.0,1990-03-31,2026-03-31,1.6128048780487805,1.600609756097561,1.1341463414634143,0.4664634146341463,0.4451219512195122,0.3323170731707317,5.0,1.2,1.6,1.2,0.4,0.2,0.4,0.4,10.0,2.1,2.4,0.9,1.5,0.6,0.5,0.2,20.0,1.45,1.75,1.3,0.45,0.35,0.3,0.2,50.0,1.56,1.72,1.22,0.5,0.4,0.32,0.22,1760.3946665499177,1026.177599947463,328.0,1.7112991329933749,1.1493475356768004,1.2764265454454709,0.8211488688341162,2.4,0.9,1.75,1.3,1.72,1.22,2026-03-31,0.4236591139620503,338600000.0,0.7452584471855566,0.6766950862184471,0.5546557829755409,0.3799987434188628,0.7777777777777778,0.6479901848064948,81.0,0.0103418187540228,bet365,0.0687322135113353,0.551064143889102
Algeria,1769.8439194465643,320.0,1990-01-12,2026-03-31,1.83125,1.70625,0.940625,0.765625,0.53125,0.403125,5.0,2.0,2.4,0.4,2.0,0.6,0.8,0.4,10.0,2.3,2.5,0.5,2.0,0.7,0.6,0.3,20.0,2.4,2.7,0.7,2.0,0.75,0.5,0.2,50.0,2.32,2.08,0.68,1.4,0.72,0.48,0.14,1763.3602537837082,1199.5121142026687,320.0,2.066225953727012,0.8252065702223398,1.4666911033359664,0.6397375435751251,2.5,0.5,2.7,0.7,2.08,0.68,2026-03-31,0.9356129156602938,226800000.0,0.7486443940911045,0.5888532721387064,0.7125180141844532,0.6084399844708469,0.8518518518518517,0.6925677409500434,401.0,0.0020889958081691,bet365,0.0106372638609992,0.5176301731078048
Italy,1802.3727172720928,369.0,1990-02-21,2025-11-16,1.8943089430894309,1.5745257452574526,0.8428184281842819,0.7317073170731707,0.5311653116531165,0.4471544715447154,5.0,2.4,2.8,1.8,1.0,0.8,0.4,0.0,10.0,1.9,2.5,1.7,0.8,0.6,0.4,0.1,20.0,1.8,2.05,1.5,0.55,0.55,0.25,0.15,50.0,1.74,1.74,1.28,0.46,0.5,0.3,0.18,1802.3727172720928,981.0677227724418,369.0,1.709318094683172,0.9841169093499984,1.288666484677352,0.7419324010132048,2.5,1.7,2.05,1.5,1.74,1.28,2025-11-16,0.5467340836641471,309900000.0,0.793186712226679,0.6572811999822861,0.553774668589447,0.4776430940974104,0.7037037037037036,0.6670186840483081,999.0,0.0005852107019491,not_listed,0.0,0.5330023638911969
Denmark,1735.3671808673998,326.0,1990-02-14,2025-11-18,1.7668711656441718,1.647239263803681,0.9601226993865032,0.6871165644171779,0.5122699386503068,0.401840490797546,5.0,2.0,3.2,1.4,1.8,0.6,0.4,0.0,10.0,1.8,2.4,1.2,1.2,0.5,0.6,0.2,20.0,1.55,1.8,1.1,0.7,0.4,0.45,0.25,50.0,1.66,1.76,1.02,0.74,0.48,0.4,0.22,1735.3671808673998,980.91523139033,326.0,1.7414185522613548,0.9735973529678398,1.3128672369846506,0.7340016362330695,2.4,1.2,1.8,1.1,1.76,1.02,2025-11-18,0.5788656007515811,396000000.0,0.7166834193681987,0.7110195662380795,0.568052118362458,0.48498190982235,0.6666666666666666,0.6532158592327773,999.0,0.0005852107019491,not_listed,0.0,0.5223974511003353
Ecuador,1842.566648856128,367.0,1991-06-06,2026-03-31,1.3651226158038148,1.2561307901907357,1.1989100817438691,0.0572207084468664,0.3651226158038147,0.329700272479564,5.0,1.4,0.8,0.6,0.2,0.2,0.4,0.2,10.0,1.4,0.6,0.4,0.2,0.2,0.6,0.5,20.0,1.5,0.85,0.45,0.4,0.3,0.6,0.45,50.0,1.58,0.98,0.68,0.3,0.38,0.5,0.36,1791.9499834322432,982.3774925445094,367.0,1.2061538658319608,1.079184227950253,0.9258051181062096,0.7775553355167555,0.6,0.4,0.85,0.45,0.98,0.68,2026-03-31,0.0957232696586555,259050000.0,0.7812865991596019,0.6179955416230208,0.3299802884781325,0.4178097058554233,0.5185185185185185,0.591969546113501,101.0,0.0082939338522361,bet365,0.0543607132212725,0.5337697477491514
Sweden,1703.1152009284635,403.0,1990-02-21,2026-03-31,1.652605459057072,1.5558312655086848,1.032258064516129,0.5235732009925558,0.4739454094292804,0.379652605459057,5.0,1.4,1.6,1.8,-0.2,0.4,0.0,0.2,10.0,1.4,1.6,1.8,-0.2,0.4,0.1,0.3,20.0,1.65,1.85,1.4,0.45,0.5,0.25,0.25,50.0,1.54,1.68,1.42,0.26,0.48,0.26,0.24,1651.215006778394,839.0467530502773,403.0,1.568120856734127,1.1634153866602817,1.2127336625129572,0.8349376499950898,1.6,1.8,1.85,1.4,1.68,1.42,2026-03-31,0.3051101939843589,439380000.0,0.6206030241583763,0.7338047789421895,0.4909738045209077,0.3729664623124789,0.5185185185185185,0.582105145067839,126.0,0.0066483120561575,bet365,0.042791018475405,0.5177645520601415
Russia,1712.593066928048,335.0,1990-02-20,2026-03-31,1.692537313432836,1.635820895522388,1.0,0.6358208955223881,0.4686567164179104,0.3910447761194029,5.0,1.6,1.4,0.8,0.6,0.4,0.4,0.4,10.0,1.9,1.8,0.8,1.0,0.5,0.3,0.3,20.0,2.25,2.65,0.6,2.05,0.65,0.5,0.15,50.0,1.9,1.94,0.92,1.02,0.54,0.46,0.22,1712.593066928048,1114.6668801176215,335.0,1.713950669991672,0.9715500120291212,1.292159014567708,0.732458132037659,1.8,0.8,2.65,0.6,1.94,0.92,2026-03-31,0.559700882530049,242200000.0,0.6906811693784113,0.6032532167868007,0.5558351177629738,0.4864286823731457,0.7037037037037036,0.6192616538699325,999.0,0.0005852107019491,not_listed,0.0,0.48596317305135345
Austria,1755.892753261213,289.0,1990-02-28,2026-03-27,1.3771626297577857,1.4705882352941178,1.373702422145329,0.0968858131487889,0.3840830449826989,0.2768166089965398,5.0,2.4,2.0,0.6,1.4,0.8,0.4,0.2,10.0,2.0,1.9,0.8,1.1,0.6,0.3,0.2,20.0,1.85,2.05,1.0,1.05,0.55,0.2,0.15,50.0,1.72,1.78,1.12,0.66,0.52,0.28,0.16,1689.645823493014,1036.3406205718563,289.0,1.5715851733596302,1.2008495995442503,1.2779238188327713,0.8352018915950983,1.9,0.8,2.05,1.0,1.78,1.12,2026-03-27,0.2795000591987883,271700000.0,0.6644812495060841,0.6284461017190198,0.4925146425758782,0.3550562835466366,0.7407407407407407,0.5908896757493357,151.0,0.0055475981395751,bet365,0.0350417873440696,0.512491190435661
Canada,1760.8963410038853,232.0,1990-05-13,2026-03-31,1.4137931034482758,1.387931034482759,1.2586206896551724,0.1293103448275862,0.3922413793103448,0.3491379310344827,5.0,1.4,0.8,0.4,0.4,0.2,0.8,0.6,10.0,1.5,1.0,0.5,0.5,0.3,0.6,0.4,20.0,1.65,1.45,0.75,0.7,0.4,0.5,0.35,50.0,1.58,1.5,1.04,0.46,0.42,0.42,0.32,1689.3017245254118,966.1857760364352,232.0,1.5926777186596053,1.0842247636895077,1.1949030760201282,0.7555300250272464,1.0,0.5,1.45,0.75,1.5,1.04,2026-03-31,0.3833261252795525,217650000.0,0.6640883759391631,0.5798268354886323,0.5018960588803619,0.414930210236218,0.5555555555555555,0.5704671363739077,151.0,0.0055475981395751,bet365,0.0350417873440696,0.5014517458706746
Serbia,1665.0846930677328,279.0,1994-12-23,2026-03-27,1.4946236559139785,1.4838709677419355,1.1218637992831542,0.3620071684587813,0.4086021505376344,0.3225806451612903,5.0,1.2,1.0,1.6,-0.6,0.4,0.0,0.6,10.0,1.6,1.1,1.3,-0.2,0.5,0.4,0.5,20.0,1.25,0.8,1.1,-0.3,0.3,0.4,0.55,50.0,1.66,1.54,1.12,0.42,0.48,0.34,0.3,1665.0846930677328,839.2881118804797,279.0,1.4745212211539949,1.162777994516407,1.1116515320098317,0.8766262027615047,1.1,1.3,0.8,1.1,1.54,1.12,2026-03-27,0.2350253292483269,295800000.0,0.6364386808665021,0.6470742310218712,0.4493431177148813,0.3732814036985957,0.5925925925925926,0.5671750335300243,999.0,0.0005852107019491,not_listed,0.0,0.46569015883122566
Mexico,1802.6328196786055,472.0,1990-01-17,2026-03-31,1.694915254237288,1.6059322033898304,1.0466101694915255,0.559322033898305,0.4851694915254237,0.4088983050847458,5.0,2.2,1.4,0.2,1.2,0.6,0.8,0.2,10.0,1.4,0.9,0.8,0.1,0.3,0.6,0.4,20.0,1.7,1.15,0.75,0.4,0.45,0.65,0.35,50.0,1.64,1.42,0.98,0.44,0.46,0.54,0.28,1729.716489958474,930.3724204813134,472.0,1.5325282752327067,0.9997917443389582,1.1706886849562783,0.7115588443838868,0.9,0.8,1.15,0.75,1.42,0.98,2026-03-31,0.4016336775825819,124600000.0,0.7102317664951083,0.4575654070659126,0.475143148729144,0.4669942768705182,0.5185185185185185,0.5561449357315672,81.0,0.0103418187540228,bet365,0.0687322135113353,0.4951309526157844
Egypt,1720.899949671899,412.0,1990-02-14,2026-03-31,1.8592233009708736,1.7111650485436891,0.8446601941747572,0.866504854368932,0.5412621359223301,0.4611650485436893,5.0,1.2,0.6,0.4,0.2,0.2,0.6,0.8,10.0,1.3,0.7,0.9,-0.2,0.3,0.4,0.6,20.0,1.7,1.35,0.85,0.5,0.45,0.5,0.3,50.0,1.94,1.5,0.68,0.82,0.56,0.54,0.26,1692.3112550956344,903.5400647930356,412.0,1.643923038136943,0.7544785967492657,1.1945972952923023,0.5782439711894758,0.7,0.9,1.35,0.85,1.5,0.68,2026-03-31,0.6705581864277408,135430000.0,0.6675244949665479,0.4758343361856796,0.5246886459691161,0.6843739794292839,0.4814814814814814,0.5820996992426198,301.0,0.0027830143490891,bet365,0.0155411323323938,0.4621599577387366
Cameroon,1659.141918754153,338.0,1990-01-14,2026-03-27,1.6538461538461535,1.316568047337278,0.9378698224852072,0.378698224852071,0.4437869822485207,0.4437869822485207,5.0,1.4,0.6,0.8,-0.2,0.4,0.4,0.6,10.0,2.0,1.4,0.5,0.9,0.6,0.6,0.4,20.0,1.9,1.35,0.75,0.6,0.55,0.5,0.35,50.0,1.76,1.36,0.76,0.6,0.48,0.44,0.3,1659.141918754153,1004.6138634393689,338.0,1.3293716432944926,0.8897982736430146,1.0022222825129576,0.6708249429606934,1.4,0.5,1.35,0.75,1.36,0.76,2026-03-27,0.3313973395522642,200500000.0,0.6296535429794214,0.5618367799553908,0.3847843555098441,0.5496400099755229,0.7407407407407407,0.5750756639285243,999.0,0.0005852107019491,not_listed,0.0,0.4447571537809557
Australia,1778.0744598806632,278.0,1990-08-25,2026-03-31,1.7482014388489209,1.8237410071942448,0.974820143884892,0.8489208633093526,0.5179856115107914,0.4460431654676259,5.0,1.8,1.4,1.0,0.4,0.6,0.4,0.4,10.0,1.8,1.6,0.9,0.7,0.5,0.4,0.3,20.0,2.15,2.0,0.55,1.45,0.65,0.6,0.2,50.0,2.08,2.1,0.74,1.36,0.64,0.54,0.18,1770.05660023091,1074.5254701039094,278.0,1.9080860721904964,0.9477850109743148,1.3736197642680317,0.6761788572366711,1.6,0.9,2.0,0.55,2.1,0.74,2026-03-31,0.7239774718577254,67800000.0,0.7562899198315153,0.3241762602899886,0.6421815023061288,0.5036798095148094,0.6666666666666666,0.5842914004533348,999.0,0.0005852107019491,not_listed,0.0,0.446661820694836
Poland,1646.405571002461,366.0,1990-02-02,2026-03-31,1.5163934426229508,1.4398907103825136,1.2076502732240435,0.2322404371584699,0.4098360655737705,0.3469945355191257,5.0,2.0,2.0,1.4,0.6,0.6,0.2,0.0,10.0,2.0,1.9,1.1,0.8,0.6,0.3,0.0,20.0,1.4,1.6,1.65,-0.05,0.4,0.2,0.05,50.0,1.48,1.5,1.42,0.08,0.42,0.26,0.14,1646.405571002461,910.8825069511076,366.0,1.5341194790634536,1.260422575573393,1.156583062163271,0.9502411135320026,1.9,1.1,1.6,1.65,1.5,1.42,2026-03-31,0.2063419486312683,231300000.0,0.615111870838925,0.5931597575375552,0.4758508748640994,0.3287475985454363,0.7407407407407407,0.5583429392635171,999.0,0.0005852107019491,not_listed,0.0,0.44444705087471015
Turkey,1802.099321842512,334.0,1990-04-11,2026-03-31,1.598802395209581,1.5119760479041915,1.1946107784431137,0.3173652694610778,0.4491017964071856,0.3532934131736527,5.0,2.6,2.0,0.6,1.4,0.8,0.6,0.0,10.0,2.2,2.2,1.3,0.9,0.7,0.4,0.2,20.0,1.95,1.85,1.3,0.55,0.6,0.35,0.25,50.0,1.8,1.94,1.46,0.48,0.54,0.32,0.16,1744.4824600862678,1015.0171070388204,334.0,1.6789635273659067,1.271980204154535,1.2451960031643354,0.9241490065366276,2.2,1.3,1.85,1.3,1.94,1.46,2026-03-31,0.3068274828871546,102600000.0,0.7270907515527528,0.4149826246053963,0.5402737454578002,0.3239289323348442,0.8148148148148149,0.5693393023451907,999.0,0.0005852107019491,not_listed,0.0,0.46378595676355383
Ukraine,1651.1987583424857,293.0,1992-04-29,2026-03-31,1.5699658703071673,1.348122866894198,1.1160409556313993,0.2320819112627986,0.4300341296928328,0.3720136518771331,5.0,1.8,1.2,1.6,-0.4,0.6,0.4,0.2,10.0,1.3,1.4,2.1,-0.7,0.4,0.2,0.3,20.0,1.5,1.45,1.65,-0.2,0.45,0.25,0.25,50.0,1.38,1.4,1.44,-0.04,0.36,0.24,0.28,1651.1987583424857,757.0394412541186,293.0,1.3787314835472655,1.2363345125962495,1.039435000274871,0.9320809597630834,1.4,2.1,1.45,1.65,1.4,1.44,2026-03-31,0.1073540405117875,267700000.0,0.6205844725741718,0.6251951254598714,0.4067383304118026,0.3390800731729266,0.4814814814814814,0.5335242554517855,999.0,0.0005852107019491,not_listed,0.0,0.4497485297326657
Uzbekistan,1752.38594721283,261.0,1992-06-17,2026-03-30,1.7164750957854409,1.85823754789272,1.0344827586206895,0.8237547892720306,0.5019157088122606,0.421455938697318,5.0,1.6,1.2,0.6,0.6,0.4,0.6,0.4,10.0,1.9,1.4,0.5,0.9,0.5,0.7,0.3,20.0,1.8,1.45,0.7,0.75,0.45,0.55,0.3,50.0,1.88,1.74,0.78,0.96,0.54,0.5,0.24,1736.6446339640638,1039.4900852838286,261.0,1.66319313282224,0.8598933120085515,1.184877494779935,0.67728537221033,1.4,0.5,1.45,0.7,1.74,0.78,2026-03-30,0.6056131737269171,78730000.0,0.7181419461349542,0.3569373105568525,0.5332594835754152,0.5757653381943545,0.7037037037037036,0.5773081024222828,999.0,0.0005852107019491,not_listed,0.0,0.43672351206900667
Greece,1625.164514823854,330.0,1990-01-17,2026-03-31,1.6,1.2575757575757576,1.0212121212121212,0.2363636363636363,0.4515151515151515,0.3848484848484848,5.0,1.0,0.8,1.2,-0.4,0.2,0.4,0.6,10.0,1.4,1.8,1.4,0.4,0.4,0.3,0.4,20.0,1.65,1.8,1.05,0.75,0.5,0.45,0.35,50.0,1.56,1.48,0.96,0.52,0.44,0.38,0.32,1625.164514823854,875.3240316707344,330.0,1.3055782006592949,0.9819610019268964,0.9842842450145856,0.7403070478101584,1.8,1.4,1.8,1.05,1.48,0.96,2026-03-31,0.2439771972044271,258200000.0,0.5908599831793615,0.6172751384699984,0.3742016502221182,0.4791343212717846,0.5185185185185185,0.5409720263062134,999.0,0.0005852107019491,not_listed,0.0,0.4424217360508748
Hungary,1674.0287044896086,325.0,1990-03-28,2026-03-31,1.3169230769230769,1.3076923076923077,1.449230769230769,-0.1415384615384615,0.3692307692307692,0.28,5.0,2.2,1.2,0.4,0.8,0.6,0.8,0.2,10.0,1.4,1.1,1.4,-0.3,0.4,0.4,0.3,20.0,1.4,1.05,1.5,-0.45,0.4,0.4,0.3,50.0,1.58,1.32,1.3,0.02,0.44,0.32,0.26,1674.0287044896086,801.3129170203239,325.0,1.314855528236044,1.3781142328527518,0.9912784850876982,1.0389696507971244,1.1,1.4,1.05,1.5,1.32,1.3,2026-03-31,-0.0476911657094262,214000000.0,0.6466504687552628,0.5761197870749479,0.3783279645645914,0.2834579528898619,0.5185185185185185,0.5214773503030987,999.0,0.0005852107019491,not_listed,0.0,0.44012232958664954
Scotland,1690.260164739365,268.0,1990-03-28,2026-03-28,1.4029850746268655,1.171641791044776,1.2462686567164178,-0.0746268656716417,0.3917910447761194,0.3283582089552239,5.0,1.8,2.2,1.6,0.6,0.6,0.0,0.2,10.0,1.6,1.8,1.4,0.4,0.5,0.3,0.3,20.0,1.35,1.4,1.45,-0.05,0.4,0.3,0.25,50.0,1.58,1.52,1.32,0.2,0.46,0.4,0.2,1660.6005250513144,851.2702362730915,268.0,1.3413242729178678,1.3500772466046542,1.0092485130375706,0.9480066007801924,1.8,1.4,1.4,1.45,1.52,1.32,2026-03-28,-0.0065989261252834,208730000.0,0.6313189006603599,0.5706543256538298,0.3901005747159879,0.2935305654267228,0.5925925925925926,0.5254291269252492,999.0,0.0005852107019491,not_listed,0.0,0.4490056364061304
Paraguay,1748.678267876786,347.0,1991-02-27,2026-03-31,1.3170028818443804,1.1123919308357348,1.247838616714697,-0.1354466858789625,0.3429394812680115,0.3371757925072046,5.0,2.0,1.4,1.0,0.4,0.6,0.4,0.0,10.0,1.8,1.2,0.8,0.4,0.5,0.5,0.2,20.0,1.65,1.1,1.05,0.05,0.45,0.45,0.25,50.0,1.18,0.8,1.16,-0.36,0.3,0.38,0.5,1727.6132152985142,949.4259468843314,347.0,1.0123985501028556,1.261810299544784,0.7472112918932562,0.9229545043230292,1.2,0.8,1.1,1.05,0.8,1.16,2026-03-31,-0.1880332065695077,139000000.0,0.7078303613888064,0.4815375271910552,0.243802956524574,0.3281643582991313,0.6666666666666666,0.5205867721740685,151.0,0.0055475981395751,bet365,0.0350417873440696,0.4463614939501268
Iran,1788.7808341187244,339.0,1990-02-02,2026-03-27,1.9557522123893805,2.017699115044248,0.7699115044247787,1.247787610619469,0.5693215339233039,0.4926253687315634,5.0,0.8,0.8,1.0,-0.2,0.2,0.4,0.4,10.0,1.5,1.4,1.0,0.4,0.4,0.4,0.3,20.0,1.8,2.0,0.9,1.1,0.5,0.45,0.2,50.0,2.08,2.34,0.82,1.52,0.64,0.52,0.14,1755.0901714569477,997.7905771556266,339.0,2.010542418957787,0.7813214741294511,1.463616148557891,0.5499678749610928,1.4,1.0,2.0,0.9,2.34,0.82,2026-03-27,0.9267179928597872,35500000.0,0.7392020619472849,0.1823518894863403,0.6877514242093727,0.6539366168139635,0.5555555555555555,0.5611174557621907,999.0,0.0005852107019491,not_listed,0.0,0.4238276259533985
Wales,1621.1685355845143,253.0,1990-04-25,2025-11-15,1.316205533596838,1.1225296442687749,1.3122529644268774,-0.1897233201581027,0.3715415019762846,0.3399209486166007,5.0,1.2,0.8,1.6,-0.8,0.4,0.4,0.4,10.0,1.6,1.7,1.4,0.3,0.5,0.4,0.3,20.0,1.55,1.4,1.2,0.2,0.4,0.4,0.35,50.0,1.42,1.26,1.24,0.02,0.38,0.36,0.34,1621.1685355845143,853.5258410130315,253.0,1.2116323126463389,1.2308817424998435,0.9134578039723242,0.9279700794689204,1.7,1.4,1.4,1.2,1.26,1.24,2025-11-15,-0.0145122754965961,215050000.0,0.5862975904815814,0.577192637177553,0.3324169593273218,0.3414751502816971,0.5925925925925926,0.5098453916635538,999.0,0.0005852107019491,not_listed,0.0,0.42094018604229017
Nigeria,1701.5551941590886,331.0,1990-01-28,2026-03-31,1.782477341389728,1.4682779456193351,0.8640483383685801,0.6042296072507553,0.5075528700906344,0.4561933534743202,5.0,1.8,1.2,0.6,0.6,0.4,0.6,0.4,10.0,2.4,2.2,0.8,1.4,0.7,0.4,0.2,20.0,2.15,1.95,0.85,1.1,0.6,0.35,0.1,50.0,1.82,1.44,0.88,0.56,0.52,0.42,0.24,1701.5551941590886,1093.69983737159,331.0,1.490063310095435,0.875394879927631,1.123368818091929,0.659966126919161,2.2,0.8,1.95,0.85,1.44,0.88,2026-03-31,0.463402691172768,63450000.0,0.6780787239942234,0.3096415687289233,0.4562558351952668,0.5620001646907533,0.8888888888888888,0.5563652344520009,999.0,0.0005852107019491,not_listed,0.0,0.4035395021473153
Mali,1634.982987896513,299.0,1990-01-12,2026-03-31,1.5418060200668895,1.2809364548494984,0.9698996655518396,0.3110367892976589,0.4247491638795986,0.3812709030100334,5.0,0.8,0.4,0.6,-0.2,0.0,0.4,0.6,10.0,1.4,1.2,0.8,0.4,0.3,0.3,0.4,20.0,1.75,1.45,0.55,0.9,0.45,0.55,0.3,50.0,1.96,1.52,0.46,1.06,0.56,0.6,0.28,1634.982987896513,927.7423445534308,299.0,1.4077566121019771,0.7946126312861873,1.0613172412095764,0.5990638427247165,1.2,0.8,1.45,0.55,1.52,0.46,2026-03-31,0.4622533984848599,103650000.0,0.602070184025513,0.4172144277179072,0.4196479537118996,0.6396268616321642,0.5185185185185185,0.5257712454918678,999.0,0.0005852107019491,not_listed,0.0,0.40466399972073047
Vanuatu,1537.1016267658342,64.0,1990-11-06,2025-11-17,1.40625,2.3125,1.640625,0.671875,0.4375,0.296875,5.0,2.0,1.8,1.0,0.8,0.6,0.2,0.2,10.0,1.6,2.1,1.9,0.2,0.5,0.2,0.2,20.0,1.65,3.25,1.45,1.8,0.5,0.4,0.25,50.0,1.66,2.64,1.48,1.16,0.52,0.34,0.26,1537.1016267658342,913.6957320446254,64.0,2.712581110766907,1.5424791805272977,2.045033265187601,1.1628854976969922,2.1,1.9,3.25,1.45,2.64,1.48,2025-11-17,0.8821477674906086,102600000.0,0.4903145465399736,0.4149826246053963,1.0,0.2317735726916709,0.5925925925925926,0.5193810426033498,999.0,0.0005852107019491,not_listed,0.0,0.3900634143249623
Ghana,1586.2736947725057,329.0,1990-09-01,2026-03-30,1.5592705167173253,1.3130699088145896,1.012158054711246,0.3009118541033435,0.4346504559270516,0.3829787234042553,5.0,1.2,0.8,1.8,-1.0,0.4,0.4,0.2,10.0,1.3,1.5,1.4,0.1,0.4,0.4,0.1,20.0,1.1,1.2,1.3,-0.1,0.25,0.3,0.25,50.0,1.24,1.12,1.2,-0.08,0.32,0.34,0.34,1545.4105825062863,759.4347621278289,329.0,1.3094440794439606,1.0477735055208095,1.0302694213117656,0.7829594581858197,1.5,1.4,1.2,1.3,1.12,1.2,2026-03-30,0.1972752173454024,235750000.0,0.4998012622424008,0.5973367776305697,0.3759210926955528,0.4363778953099094,0.4814814814814814,0.4942576325414502,401.0,0.0020889958081691,bet365,0.0106372638609992,0.42565995312640925
Kosovo,1613.508811256577,89.0,2006-04-22,2026-03-31,1.348314606741573,1.3595505617977528,1.404494382022472,-0.0449438202247191,0.3707865168539326,0.3033707865168539,5.0,2.0,1.6,1.0,0.6,0.6,0.4,0.2,10.0,2.0,1.9,1.3,0.6,0.6,0.4,0.3,20.0,1.95,1.7,1.2,0.5,0.6,0.4,0.35,50.0,1.5,1.36,1.22,0.14,0.42,0.32,0.32,1613.508811256577,928.0789650654596,89.0,1.3504451738394192,1.3191981316567365,1.018109759871059,0.994552403208555,1.9,1.3,1.7,1.2,1.36,1.22,2026-03-31,0.0235573566625036,159780000.0,0.5775521320475769,0.5120763664158521,0.39415731454516,0.3051196954199082,0.7407407407407407,0.5091279633894492,999.0,0.0005852107019491,not_listed,0.0,0.4039712291390674
Tunisia,1700.0374484019474,373.0,1990-06-02,2026-03-31,1.6863270777479893,1.4691689008042896,0.8766756032171582,0.5924932975871313,0.4638069705093833,0.4128686327077748,5.0,1.2,1.0,1.0,0.0,0.2,0.4,0.2,10.0,1.4,1.4,1.0,0.4,0.3,0.3,0.2,20.0,1.7,1.55,0.95,0.6,0.45,0.35,0.2,50.0,1.74,1.26,0.7,0.56,0.48,0.52,0.32,1689.95000744289,916.4775033493004,373.0,1.4403732098793374,0.824966959249259,1.0482085707202589,0.6063042074646229,1.4,1.0,1.55,0.95,1.26,0.7,2026-03-31,0.4639589390147581,69250000.0,0.6648285502673177,0.3288145935686064,0.4341549692395929,0.6086752520623061,0.5185185185185185,0.5231700260328495,999.0,0.0005852107019491,not_listed,0.0,0.40637985002613286
Oman,1612.5104988222124,389.0,1990-02-24,2025-12-08,1.6246786632390746,1.444730077120823,1.0051413881748072,0.4395886889460154,0.4524421593830334,0.416452442159383,5.0,1.8,0.8,0.2,0.6,0.4,0.8,0.6,10.0,1.7,0.7,0.5,0.2,0.4,0.7,0.5,20.0,1.45,0.85,0.8,0.05,0.35,0.5,0.45,50.0,1.68,1.18,0.78,0.4,0.46,0.5,0.3,1612.5104988222124,903.6297244699956,389.0,1.3453225981979835,0.8712433964942667,1.0142478154121095,0.6568362954507464,0.7,0.5,0.85,0.8,1.18,0.78,2025-12-08,0.3574115199613633,102600000.0,0.5764123129724906,0.4149826246053963,0.3918789259505139,0.5656385982042021,0.6296296296296295,0.5120805572778913,999.0,0.0005852107019491,not_listed,0.0,0.3914080399736541
Tahiti,1547.9397936783273,64.0,1991-09-09,2024-11-18,1.515625,2.4375,1.859375,0.578125,0.46875,0.3125,5.0,2.4,1.8,0.4,1.4,0.8,0.6,0.2,10.0,2.0,2.0,0.6,1.4,0.6,0.5,0.2,20.0,1.75,2.25,2.0,0.25,0.55,0.3,0.25,50.0,1.42,2.16,2.06,0.1,0.44,0.26,0.32,1547.9397936783273,920.5729071552472,64.0,2.142978963344603,1.4564786706158084,1.6156063497020865,1.0980491310003415,2.0,0.6,2.25,2.0,2.16,2.06,2024-11-18,0.517557218701745,102600000.0,0.5026889785920909,0.4149826246053963,0.7466557593263594,0.2573613299484378,0.7407407407407407,0.5043634361238746,999.0,0.0005852107019491,not_listed,0.0,0.3775244089767374
Fiji,1530.3176208717862,84.0,1990-11-06,2025-11-17,1.7976190476190477,2.892857142857143,1.1547619047619049,1.738095238095238,0.5476190476190477,0.3928571428571428,5.0,0.2,0.6,2.0,-1.4,0.0,0.0,0.4,10.0,1.1,1.8,1.5,0.3,0.3,0.2,0.3,20.0,1.4,2.0,1.25,0.75,0.4,0.25,0.3,50.0,1.68,2.68,1.06,1.62,0.5,0.42,0.2,1530.3176208717862,790.6429293923038,84.0,2.3180355488438513,1.220384653776288,1.747582694746717,0.9200562532087252,1.8,1.5,2.0,1.25,2.68,1.06,2025-11-17,0.8275264415379917,102600000.0,0.4825689359902509,0.4149826246053963,0.8245163817431258,0.3461461563978015,0.4074074074074074,0.4889849052098167,999.0,0.0005852107019491,not_listed,0.0,0.383145705812733
Georgia,1548.490097924359,273.0,1990-05-27,2026-03-29,1.175824175824176,1.216117216117216,1.435897435897436,-0.2197802197802197,0.3223443223443223,0.2857142857142857,5.0,0.8,1.2,2.4,-1.2,0.2,0.2,0.2,10.0,1.3,2.0,1.8,0.2,0.4,0.3,0.2,20.0,1.35,1.55,1.45,0.1,0.4,0.35,0.25,50.0,1.32,1.58,1.52,0.06,0.38,0.3,0.3,1548.490097924359,752.8205440659615,273.0,1.3672504925970157,1.4320815126611812,1.0307794034643702,1.0796559484351411,2.0,1.8,1.55,1.45,1.58,1.52,2026-03-29,-0.048876544970771,198250000.0,0.5033172861791111,0.5593631016601238,0.4016318838374088,0.2651798041298779,0.4814814814814814,0.464171726920961,999.0,0.0005852107019491,not_listed,0.0,0.38861902479949534
Thailand,1562.4213521662175,360.0,1990-01-29,2025-11-13,1.7416666666666667,1.8916666666666664,1.163888888888889,0.7277777777777777,0.4944444444444444,0.3777777777777777,5.0,2.4,2.8,0.8,2.0,0.8,0.4,0.2,10.0,1.8,2.2,1.2,1.0,0.6,0.4,0.1,20.0,2.05,2.1,1.15,0.95,0.65,0.3,0.1,50.0,1.86,1.92,1.22,0.7,0.56,0.34,0.16,1562.4213521662175,923.0896084747978,360.0,1.7713472401192496,1.175737085259135,1.3354306773956572,0.8863961490131657,2.2,1.2,2.1,1.15,1.92,1.22,2025-11-13,0.4490345283824916,102600000.0,0.5192232378412815,0.4149826246053963,0.581363621372111,0.3669453019115743,0.6666666666666666,0.494386794555017,999.0,0.0005852107019491,not_listed,0.0,0.3782999592727274
Kurdistan,1505.773778890101,2.0,2012-05-15,2012-05-19,2.0,2.0,1.0,1.0,0.5,0.0,2.0,2.0,2.0,1.0,1.0,0.5,0.0,0.0,2.0,2.0,2.0,1.0,1.0,0.5,0.0,0.0,2.0,2.0,2.0,1.0,1.0,0.5,0.0,0.0,2.0,2.0,2.0,1.0,1.0,0.5,0.0,0.0,1505.773778890101,937.5982005005455,2.0,1.9994520548493595,1.0,1.5074004416253597,0.7539067705921704,2.0,1.0,2.0,1.0,2.0,1.0,2012-05-19,0.7534936710331893,102600000.0,0.4545461063593309,0.4149826246053963,0.6828187183083174,0.4668550439589108,0.7407407407407407,0.5093619317912732,999.0,0.0005852107019491,not_listed,0.0,0.3692465665535643
Vietnam,1528.7453084656308,245.0,1991-11-26,2026-03-26,1.6081632653061224,1.7346938775510203,1.1918367346938776,0.5428571428571428,0.4693877551020408,0.3795918367346939,5.0,2.4,1.8,1.0,0.8,0.8,0.6,0.2,10.0,2.7,2.4,1.0,1.4,0.9,0.4,0.1,20.0,2.2,2.15,1.15,1.0,0.7,0.35,0.1,50.0,1.72,1.68,1.02,0.66,0.52,0.46,0.3,1528.7453084656308,1031.9353888095338,245.0,1.66610262332649,1.082643165662009,1.2560860482272171,0.8162120127279293,2.4,1.0,2.15,1.15,1.68,1.02,2026-03-26,0.4398740354992878,102600000.0,0.4807737548316877,0.4149826246053963,0.5345535493823683,0.4158308395727895,1.0,0.5145741286857135,999.0,0.0005852107019491,not_listed,0.0,0.3645721944183878
Slovakia,1583.5646152773925,292.0,1992-10-14,2026-03-31,1.4315068493150684,1.3630136986301369,1.202054794520548,0.160958904109589,0.3972602739726027,0.3116438356164384,5.0,1.8,1.6,2.0,-0.4,0.6,0.6,0.2,10.0,1.3,1.1,1.6,-0.5,0.4,0.5,0.4,20.0,1.5,1.25,1.3,-0.05,0.45,0.45,0.2,50.0,1.42,1.3,1.18,0.12,0.4,0.4,0.28,1583.5646152773925,768.6040768748267,292.0,1.3624217822747984,1.170485549646768,1.0271390060592225,0.8824369807589962,1.1,1.6,1.25,1.3,1.3,1.18,2026-03-31,0.144702025300226,120350000.0,0.5433634706723232,0.4499584343669374,0.3994841989040722,0.3694960330103976,0.4814814814814814,0.466162006262366,999.0,0.0005852107019491,not_listed,0.0,0.38156095660483896
Romania,1588.8238004811185,341.0,1990-02-04,2026-03-31,1.6686217008797657,1.565982404692082,1.0234604105571847,0.5425219941348973,0.4721407624633431,0.3870967741935484,5.0,1.4,1.0,1.2,-0.2,0.4,0.2,0.4,10.0,1.4,1.2,1.2,0.0,0.4,0.3,0.4,20.0,1.6,1.35,1.0,0.35,0.45,0.4,0.4,50.0,1.56,1.38,0.96,0.42,0.44,0.44,0.32,1588.8238004811185,838.9707102165033,341.0,1.433379477004474,1.072063037979741,1.080634492541537,0.8082355828345376,1.2,1.2,1.35,1.0,1.38,0.96,2026-03-31,0.2723989097069994,99600000.0,0.5493681235327614,0.408477902330633,0.4310443385078185,0.4219239616994579,0.5185185185185185,0.4741954157020681,999.0,0.0005852107019491,not_listed,0.0,0.3782449163709574
Slovenia,1619.1623757861307,269.0,1991-06-19,2026-03-31,1.3308550185873609,1.1672862453531598,1.174721189591078,-0.0074349442379182,0.3494423791821561,0.3271375464684015,5.0,1.0,0.8,1.2,-0.4,0.2,0.2,0.6,10.0,1.3,0.8,1.1,-0.3,0.3,0.4,0.5,20.0,1.25,0.8,1.05,-0.25,0.25,0.45,0.45,50.0,1.44,1.2,1.1,0.1,0.34,0.34,0.3,1619.1623757861307,798.6230691037589,269.0,1.1269074001547343,1.07378042458908,0.8495831188070744,0.8095303322270426,0.8,1.1,0.8,1.05,1.2,1.1,2026-03-31,0.0400527865800317,101550000.0,0.5840070658650827,0.4127278635270497,0.2947335188444117,0.4209267510615622,0.4814814814814814,0.4630816275685855,999.0,0.0005852107019491,not_listed,0.0,0.38053682311929415
Bahrain,1583.339314150509,370.0,1990-02-21,2025-12-09,1.502702702702703,1.337837837837838,1.0837837837837838,0.254054054054054,0.4054054054054054,0.3810810810810811,5.0,1.2,1.4,2.0,-0.6,0.4,0.2,0.0,10.0,1.0,1.1,1.7,-0.6,0.3,0.1,0.3,20.0,1.4,1.4,1.4,0.0,0.4,0.35,0.25,50.0,1.54,1.24,1.3,-0.06,0.46,0.36,0.24,1583.339314150509,730.5026913677291,370.0,1.3777003350558,1.09072751612213,1.0386576104456693,0.8223068592756544,1.1,1.7,1.4,1.4,1.24,1.3,2025-12-09,0.2163507511700149,102600000.0,0.5431062340465731,0.4149826246053963,0.4062797023452226,0.4112547116147341,0.3703703703703703,0.4535000371986802,999.0,0.0005852107019491,not_listed,0.0,0.375424068637835
Syria,1544.2910420560438,309.0,1992-05-14,2025-12-11,1.4336569579288023,1.5792880258899675,1.220064724919094,0.3592233009708738,0.3883495145631068,0.3106796116504854,5.0,1.6,1.4,0.4,1.0,0.4,0.6,0.4,10.0,2.1,2.0,0.5,1.5,0.6,0.6,0.2,20.0,1.9,1.85,0.9,0.95,0.55,0.55,0.2,50.0,1.24,1.34,1.22,0.12,0.34,0.34,0.34,1544.2910420560438,992.9309689252198,309.0,1.4659029222552789,1.2188492682413643,1.1051541381191026,0.9188987156584768,2.0,0.5,1.85,0.9,1.34,1.22,2025-12-11,0.1862554224606256,102600000.0,0.49852303158375,0.4149826246053963,0.4455099222111872,0.3468361186667462,0.7777777777777778,0.4748584011151293,999.0,0.0005852107019491,not_listed,0.0,0.36005881703347176
Chile,1639.4554654937406,382.0,1990-11-08,2025-11-18,1.43717277486911,1.3664921465968587,1.2408376963350785,0.1256544502617801,0.4005235602094241,0.3089005235602094,5.0,2.0,1.2,1.0,0.2,0.6,0.4,0.4,10.0,1.4,1.2,1.0,0.2,0.4,0.3,0.6,20.0,1.15,1.05,1.2,-0.15,0.3,0.35,0.6,50.0,1.1,1.0,1.26,-0.26,0.28,0.38,0.56,1639.4554654937406,833.7549594721833,382.0,1.2530114522693436,1.218688685708628,0.9446538174953862,0.9187776513998084,1.2,1.0,1.05,1.2,1.0,1.26,2025-11-18,0.0258761660955779,71900000.0,0.6071766167441046,0.3370459765504427,0.3508213258750245,0.3469083806969607,0.5185185185185185,0.4532846178356969,999.0,0.0005852107019491,not_listed,0.0,0.3695491411287145
Malaysia,1510.486057164626,289.0,1990-09-08,2025-11-18,1.3460207612456747,1.4878892733564013,1.4083044982698962,0.0795847750865051,0.3737024221453287,0.3114186851211072,5.0,3.0,2.4,0.4,2.0,1.0,0.6,0.0,10.0,2.3,2.0,0.5,1.5,0.7,0.6,0.2,20.0,1.85,1.55,0.95,0.6,0.55,0.35,0.3,50.0,1.78,1.72,1.22,0.5,0.54,0.38,0.24,1510.486057164626,973.7187257240817,289.0,1.5264953156175851,1.3093323110011237,1.1508351537213295,0.9871144942188402,2.0,0.5,1.55,0.95,1.72,1.22,2025-11-18,0.1637206595024892,102600000.0,0.4599263305051281,0.4149826246053963,0.4724598449887623,0.3089376252240322,0.8518518518518517,0.4671146775452482,999.0,0.0005852107019491,not_listed,0.0,0.34679008088750324
Jamaica,1550.4912008983754,302.0,1990-03-16,2026-01-18,1.4072847682119205,1.2682119205298013,1.2880794701986755,-0.0198675496688741,0.3940397350993377,0.3609271523178808,5.0,2.0,1.8,0.4,1.4,0.6,0.8,0.4,10.0,1.7,1.7,1.0,0.7,0.5,0.5,0.3,20.0,1.7,1.45,1.1,0.35,0.5,0.45,0.35,50.0,1.46,1.42,1.32,0.1,0.4,0.32,0.28,1550.4912008983754,869.7210404042689,302.0,1.3315131349048188,1.2762931948198044,1.003836767537149,0.9622060808353624,1.7,1.0,1.45,1.1,1.42,1.32,2026-01-18,0.0416306867017862,102600000.0,0.5056020371873939,0.4149826246053963,0.3857368353563163,0.3221530984119802,0.6296296296296295,0.4498528221951443,999.0,0.0005852107019491,not_listed,0.0,0.3563538702055586
Venezuela,1659.103822883793,327.0,1991-07-06,2026-03-30,1.0244648318042813,0.9969418960244648,1.688073394495413,-0.691131498470948,0.2599388379204893,0.2446483180428134,5.0,0.8,0.8,1.8,-1.0,0.2,0.4,0.6,10.0,1.0,0.8,1.6,-0.8,0.3,0.4,0.5,20.0,1.15,1.0,1.5,-0.5,0.3,0.35,0.35,50.0,1.1,0.96,1.36,-0.4,0.28,0.3,0.36,1659.103822883793,730.596720297707,327.0,1.0227711562098187,1.4617941700127466,0.7710740994329646,1.1020565219847718,0.8,1.6,1.0,1.5,0.96,1.36,2026-03-30,-0.3309824225518072,74400000.0,0.6296100471776829,0.3445379243618597,0.2484164223091878,0.2556925143347784,0.3703703703703703,0.4191513751362859,999.0,0.0005852107019491,not_listed,0.0,0.3645361398290794
Israel,1553.7778146012283,275.0,1990-03-28,2026-03-26,1.3563636363636364,1.5018181818181815,1.509090909090909,-0.0072727272727272,0.3781818181818182,0.2472727272727272,5.0,1.0,1.2,2.2,-1.0,0.2,0.2,0.6,10.0,1.4,2.0,2.1,-0.1,0.4,0.3,0.3,20.0,1.2,1.6,2.1,-0.5,0.35,0.3,0.25,50.0,1.34,1.6,1.88,-0.28,0.38,0.18,0.22,1553.7778146012283,701.2000165705527,275.0,1.5719656101085897,1.682627620268335,1.1851155165989176,1.2685443553056892,2.0,2.1,1.6,2.1,1.6,1.88,2026-03-26,-0.0834288387067716,89700000.0,0.509354514730495,0.3855302755454219,0.4926838509605826,0.1956795257862048,0.5185185185185185,0.4297630074058987,999.0,0.0005852107019491,not_listed,0.0,0.3471371121284681
Libya,1533.9794801985463,209.0,1991-11-27,2026-03-31,1.38755980861244,1.1578947368421053,1.1435406698564594,0.0143540669856459,0.3827751196172249,0.3397129186602871,5.0,1.4,0.6,0.4,0.2,0.2,0.8,0.6,10.0,1.5,0.8,0.6,0.2,0.3,0.7,0.4,20.0,1.75,1.2,0.7,0.5,0.45,0.5,0.25,50.0,1.46,1.2,1.1,0.1,0.4,0.32,0.36,1533.9794801985463,874.2907660893459,209.0,1.1264084377950585,1.0328861314128,0.8492069477058439,0.778699847722864,0.8,0.6,1.2,0.7,1.2,1.1,2026-03-31,0.0705070999829798,102600000.0,0.4867498486657304,0.4149826246053963,0.2945115933465727,0.4455729195611302,0.5555555555555555,0.4406763356760657,999.0,0.0005852107019491,not_listed,0.0,0.34991478206932425
Iraq,1696.5368069502897,340.0,1990-06-01,2026-03-31,1.626470588235294,1.5235294117647058,1.0,0.5235294117647059,0.4470588235294118,0.3764705882352941,5.0,1.8,1.2,1.0,0.2,0.6,0.2,0.4,10.0,1.9,1.2,0.9,0.3,0.6,0.4,0.2,20.0,2.1,1.3,0.6,0.7,0.65,0.6,0.25,50.0,1.84,1.36,0.88,0.48,0.52,0.44,0.28,1703.4990086140394,996.5745538763176,340.0,1.3565618335128908,0.954112566692907,0.9575402069696948,0.720989118810287,1.2,0.9,1.3,0.6,1.36,0.88,2026-03-31,0.3034092270754406,23900000.0,0.6802980660738316,0.0956272306363382,0.3968778458975212,0.4990026609866964,0.7037037037037036,0.4667635771879286,999.0,0.0005852107019491,not_listed,0.0,0.3385810969887361
Albania,1546.9680479831663,273.0,1990-05-30,2026-03-31,1.15018315018315,1.0146520146520146,1.347985347985348,-0.3333333333333333,0.315018315018315,0.315018315018315,5.0,1.2,1.2,1.4,-0.2,0.4,0.2,0.4,10.0,1.7,1.0,0.8,0.2,0.5,0.5,0.3,20.0,1.5,1.15,1.0,0.15,0.45,0.35,0.3,50.0,1.44,1.08,1.08,0.0,0.42,0.38,0.32,1546.9680479831663,864.1356215924249,273.0,1.03350335638654,1.1713990864311776,0.7791651778095453,0.8831257023259478,1.0,0.8,1.15,1.0,1.08,1.08,2026-03-31,-0.1039605245164024,97850000.0,0.5015794919811359,0.4045923830566106,0.2531898261961524,0.3690506745186055,0.6296296296296295,0.4329999560277269,999.0,0.0005852107019491,not_listed,0.0,0.3453505657415014
Guatemala,1535.651162730598,228.0,1990-11-30,2026-03-27,1.2763157894736843,1.25,1.355263157894737,-0.1052631578947368,0.3421052631578947,0.2982456140350877,5.0,1.0,1.4,2.6,-1.2,0.2,0.0,0.2,10.0,1.2,1.2,2.0,-0.8,0.3,0.1,0.3,20.0,1.5,1.65,1.6,0.05,0.4,0.2,0.2,50.0,1.44,1.24,1.28,-0.04,0.38,0.3,0.34,1535.651162730598,719.043023228769,228.0,1.2744210010367154,1.3674249152108602,0.960794621266431,1.030910901853892,1.2,2.0,1.65,1.6,1.24,1.28,2026-03-27,-0.070116280587461,102600000.0,0.4886584852527662,0.4149826246053963,0.360343737088151,0.2872494952430168,0.4444444444444444,0.4163595552839368,999.0,0.0005852107019491,not_listed,0.0,0.34633025017190333
Czechoslovakia,1508.276185337876,36.0,1990-02-21,1993-11-17,1.3055555555555556,1.3055555555555556,1.1666666666666667,0.1388888888888889,0.3333333333333333,0.2777777777777778,5.0,1.8,2.2,1.0,1.2,0.4,0.4,0.2,10.0,1.2,1.6,1.2,0.4,0.2,0.2,0.2,20.0,1.1,1.4,1.35,0.05,0.2,0.15,0.2,36.0,1.3055555555555556,1.3055555555555556,1.1666666666666667,0.1388888888888889,0.3333333333333333,0.2777777777777778,0.25,1508.276185337876,754.7242834020443,36.0,1.321758664288016,1.1582538420187851,0.9964828060955988,0.8732154135623561,1.6,1.2,1.4,1.35,1.3055555555555556,1.1666666666666667,1993-11-17,0.1232673925332425,102600000.0,0.4574032185264334,0.4149826246053963,0.3813983001826505,0.3755267912857943,0.4444444444444444,0.4218199908003119,999.0,0.0005852107019491,not_listed,0.0,0.3432575051542101
Palestine,1511.1897036018886,187.0,1992-09-11,2025-12-07,1.2459893048128343,1.320855614973262,1.3422459893048129,-0.0213903743315508,0.3315508021390374,0.3636363636363636,5.0,1.2,0.6,0.6,0.0,0.2,0.6,0.6,10.0,1.3,0.9,0.9,0.0,0.3,0.4,0.4,20.0,1.05,1.0,1.35,-0.35,0.25,0.35,0.4,50.0,1.26,1.22,1.22,0.0,0.34,0.42,0.4,1511.1897036018886,754.0353666208499,187.0,1.3274142041226888,1.239477836236706,1.0007465558683124,0.934450732737786,0.9,0.9,1.0,1.35,1.22,1.22,2025-12-07,0.0662958231305264,102600000.0,0.4607297159020245,0.4149826246053963,0.3839137374075605,0.3377089736607925,0.4814814814814814,0.4213926115254587,999.0,0.0005852107019491,not_listed,0.0,0.34232760026216413
Guyana,1460.9639700313865,119.0,1990-04-29,2026-03-30,1.361344537815126,1.512605042016807,1.6974789915966386,-0.1848739495798319,0.3949579831932773,0.2521008403361344,5.0,2.4,2.0,0.6,1.4,0.8,0.4,0.2,10.0,2.1,2.3,1.6,0.7,0.7,0.2,0.2,20.0,1.6,1.9,1.75,0.15,0.5,0.1,0.25,50.0,1.44,1.6,1.76,-0.16,0.44,0.24,0.32,1460.9639700313865,825.4337865141239,119.0,1.6745927900786062,1.6631873765472904,1.262486842425094,1.2538882239424316,2.3,1.6,1.9,1.75,1.6,1.76,2026-03-30,0.0085986184826625,102600000.0,0.4033846932285396,0.4149826246053963,0.5383297550352811,0.2003228300989373,0.7777777777777778,0.4335059643292485,999.0,0.0005852107019491,not_listed,0.0,0.3232749212640409
Uganda,1497.2113912621212,366.0,1990-02-10,2025-12-30,1.4836065573770492,1.2486338797814207,0.994535519125683,0.2540983606557377,0.3907103825136612,0.4153005464480874,5.0,0.8,1.0,2.4,-1.4,0.2,0.0,0.2,10.0,1.4,1.4,1.5,-0.1,0.4,0.3,0.1,20.0,1.6,1.2,1.35,-0.15,0.5,0.45,0.15,50.0,1.28,0.96,1.18,-0.22,0.36,0.38,0.3,1497.2113912621212,739.7451260679545,366.0,1.0799380054900578,0.9781172192285073,0.814172574158759,0.7374091940091578,1.4,1.5,1.2,1.35,0.96,1.18,2025-12-30,0.0767633801496011,102600000.0,0.4447700358520393,0.4149826246053963,0.2738427520520583,0.4818093491868688,0.5185185185185185,0.4246148357372538,999.0,0.0005852107019491,not_listed,0.0,0.33592670992653595
Mayotte,1462.92463427544,24.0,2001-11-20,2023-08-24,1.3333333333333333,1.0833333333333333,1.25,-0.1666666666666666,0.3333333333333333,0.25,5.0,2.0,1.6,0.6,1.0,0.6,0.4,0.4,10.0,2.0,1.5,0.7,0.8,0.6,0.3,0.3,20.0,1.4,1.1,1.25,-0.15,0.35,0.25,0.45,24.0,1.3333333333333333,1.0833333333333333,1.25,-0.1666666666666666,0.3333333333333333,0.25,0.4166666666666667,1462.92463427544,844.316085423948,24.0,1.221206301097013,1.0112453305953362,0.9206756986868584,0.7623847014655415,1.5,0.7,1.1,1.25,1.0833333333333333,1.25,2023-08-24,0.1582909972213169,102600000.0,0.4056232734848641,0.4149826246053963,0.3366752207212274,0.4594219378249624,0.7407407407407407,0.4392024497270541,999.0,0.0005852107019491,not_listed,0.0,0.3267362285810654
Kuwait,1488.0215342608358,358.0,1990-01-21,2025-12-06,1.4860335195530727,1.5754189944134078,1.111731843575419,0.4636871508379888,0.3910614525139664,0.3324022346368715,5.0,1.6,2.0,1.8,0.2,0.4,0.2,0.0,10.0,1.0,1.4,1.8,-0.4,0.2,0.1,0.3,20.0,1.0,1.05,1.45,-0.4,0.15,0.2,0.35,50.0,1.22,1.22,1.34,-0.12,0.3,0.22,0.32,1488.0215342608358,649.6096904173761,358.0,1.3875390797394271,1.229358178126999,1.0460751066767835,0.9268214539728,1.4,1.8,1.05,1.45,1.22,1.34,2025-12-06,0.1192536527039833,102600000.0,0.4342775547941956,0.4149826246053963,0.4106557204349285,0.342148158983636,0.3703703703703703,0.4057004192791393,999.0,0.0005852107019491,not_listed,0.0,0.33582838955103456
Gambia,1472.653497410112,138.0,1990-02-21,2026-03-31,1.1521739130434785,1.0869565217391304,1.2463768115942029,-0.1594202898550724,0.2898550724637681,0.2971014492753623,5.0,1.4,3.0,1.8,1.2,0.4,0.4,0.0,10.0,1.5,2.4,1.6,0.8,0.4,0.3,0.0,20.0,1.15,1.95,1.7,0.25,0.3,0.2,0.1,50.0,1.42,1.4,1.18,0.22,0.38,0.3,0.18,1472.653497410112,766.6940738345504,138.0,1.3528610903301554,1.2558393751383832,1.01993113567061,0.9467858076930676,2.4,1.6,1.95,1.7,1.4,1.18,2026-03-31,0.0731453279775424,102600000.0,0.4167311625565463,0.4149826246053963,0.3952318514506936,0.3306830095996386,0.5555555555555555,0.4140443477592457,999.0,0.0005852107019491,not_listed,0.0,0.32812166779585156
Tajikistan,1449.3543442259722,166.0,1992-06-17,2025-10-14,1.3975903614457832,1.5421686746987953,1.4216867469879515,0.1204819277108433,0.3975903614457831,0.3674698795180723,5.0,2.0,1.8,1.6,0.2,0.6,0.4,0.2,10.0,1.7,1.6,1.3,0.3,0.5,0.4,0.4,20.0,1.5,1.55,1.35,0.2,0.45,0.3,0.4,50.0,1.4,1.3,1.2,0.1,0.38,0.38,0.38,1449.3543442259722,794.2094549016875,166.0,1.428166541843383,1.3327034504272044,1.0767044254289329,1.004734154468616,1.6,1.3,1.55,1.35,1.3,1.2,2025-10-14,0.0719702709603167,102600000.0,0.3901294511899613,0.4149826246053963,0.4287257603457732,0.2999849853603035,0.6296296296296295,0.41256053888671,999.0,0.0005852107019491,not_listed,0.0,0.3196986498052722
Zanzibar,1466.4089266577255,89.0,1990-12-08,2025-01-10,1.146067415730337,0.9775280898876404,1.3707865168539326,-0.3932584269662921,0.2808988764044944,0.3033707865168539,5.0,2.0,1.2,0.8,0.4,0.6,0.4,0.2,10.0,2.0,1.4,1.1,0.3,0.6,0.3,0.3,20.0,1.35,1.05,1.25,-0.2,0.35,0.25,0.4,50.0,1.3,1.08,1.14,-0.06,0.3,0.38,0.42,1466.4089266577255,817.8840169959765,89.0,1.0725875785633832,1.1320436274329675,0.8086310375319959,0.8534553553274348,1.4,1.1,1.05,1.25,1.08,1.14,2025-01-10,-0.0448243177954388,102600000.0,0.4096014498390779,0.4149826246053963,0.2705734730705926,0.3888883861215599,0.7407407407407407,0.4200995165479232,999.0,0.0005852107019491,not_listed,0.0,0.3197933234222554
Yugoslavia,1502.990368573643,16.0,1990-03-28,1992-03-25,1.1875,1.125,1.3125,-0.1875,0.3125,0.375,5.0,0.8,1.2,1.8,-0.6,0.2,0.4,0.4,10.0,1.2,1.4,1.3,0.1,0.3,0.4,0.3,16.0,1.1875,1.125,1.3125,-0.1875,0.3125,0.375,0.375,16.0,1.1875,1.125,1.3125,-0.1875,0.3125,0.375,0.375,1502.990368573643,727.3456658581395,16.0,1.1203096889023247,1.32480021657029,0.8446090596234707,0.9987758529543151,1.4,1.3,1.125,1.3125,1.125,1.3125,1992-03-25,-0.1541667933308446,102600000.0,0.4513681591924101,0.4149826246053963,0.2917990282442799,0.3029770815840287,0.4444444444444444,0.3953853727873833,999.0,0.0005852107019491,not_listed,0.0,0.3299759831171229
Haiti,1587.9924494249851,180.0,1991-05-05,2026-03-31,1.3055555555555556,1.4111111111111112,1.461111111111111,-0.05,0.3555555555555555,0.3,5.0,1.4,1.2,1.0,0.2,0.4,0.4,0.4,10.0,1.7,2.0,1.3,0.7,0.5,0.5,0.3,20.0,1.6,1.9,1.4,0.5,0.45,0.3,0.2,50.0,1.66,1.88,1.5,0.38,0.5,0.3,0.22,1527.5474106888976,853.396334810004,180.0,1.610731829080598,1.4261608947624314,1.359559965714297,0.965809988931756,2.0,1.3,1.9,1.4,1.88,1.5,2026-03-31,0.1391492770369886,55880000.0,0.4794060600210015,0.2817940426515213,0.5099260582691341,0.2671174990788953,0.6296296296296295,0.4177601282353982,999.0,0.0005852107019491,not_listed,0.0,0.3528802686065605
Palau,1487.560806035286,1.0,1998-08-01,1998-08-01,0.0,2.0,15.0,-13.0,0.0,0.0,1.0,0.0,2.0,15.0,-13.0,0.0,0.0,0.0,1.0,0.0,2.0,15.0,-13.0,0.0,0.0,0.0,1.0,0.0,2.0,15.0,-13.0,0.0,0.0,0.0,1.0,0.0,2.0,15.0,-13.0,0.0,0.0,0.0,1487.560806035286,-1270.5976372841212,1.0,2.0,15.0,1.5078135411843407,2.5,2.0,15.0,2.0,15.0,2.0,15.0,1998-08-01,-0.9921864588156591,102600000.0,0.4337515202564745,0.4149826246053963,0.6830624300793282,0.0,0.0,0.3580180527530144,999.0,0.0005852107019491,not_listed,0.0,0.29897583617843343
Guinea,1516.2487950847735,252.0,1990-09-02,2026-03-31,1.4166666666666667,1.3571428571428572,1.1785714285714286,0.1785714285714285,0.3809523809523809,0.3015873015873015,5.0,1.2,1.4,1.2,0.2,0.2,0.2,0.2,10.0,1.4,1.2,0.8,0.4,0.3,0.4,0.4,20.0,1.6,1.7,0.85,0.85,0.45,0.35,0.35,50.0,1.42,1.28,1.08,0.2,0.38,0.32,0.34,1516.2487950847735,870.3119577881481,252.0,1.34721833586716,1.1671705030050574,1.0156770248761686,0.8799377446509818,1.2,0.8,1.7,0.85,1.28,1.08,2026-03-31,0.1357392802251867,66000000.0,0.4665059125878535,0.3182783335162478,0.3927221008270263,0.3711180071251353,0.5185185185185185,0.4092745208294868,999.0,0.0005852107019491,not_listed,0.0,0.32270867745589327
Zambia,1474.4781730233674,443.0,1990-03-03,2026-03-31,1.580135440180587,1.3160270880361171,0.9661399548532732,0.3498871331828442,0.4334085778781038,0.4288939051918736,5.0,0.4,0.6,2.4,-1.8,0.0,0.2,0.6,10.0,0.8,0.5,2.0,-1.5,0.2,0.3,0.6,20.0,0.85,0.8,1.55,-0.75,0.2,0.25,0.5,50.0,1.32,1.3,1.46,-0.16,0.38,0.22,0.3,1474.4781730233674,579.5151778605153,443.0,1.2447276229694844,1.151935530961996,0.9384085824997924,0.8684519960779353,0.5,2.0,0.8,1.55,1.3,1.46,2026-03-31,0.0699565864218572,102600000.0,0.4188144783585346,0.4149826246053963,0.3471368937615919,0.3786921556951646,0.2962962962962963,0.3888347106249792,999.0,0.0005852107019491,not_listed,0.0,0.3280498016064436
Kenya,1464.7141358833803,351.0,1990-01-29,2026-03-30,1.3361823361823362,1.1538461538461535,1.1253561253561253,0.0284900284900284,0.3475783475783476,0.3162393162393162,5.0,2.0,2.0,1.8,0.2,0.6,0.6,0.2,10.0,1.5,1.7,1.8,-0.1,0.4,0.4,0.2,20.0,1.4,1.45,1.35,0.1,0.35,0.4,0.3,50.0,1.36,1.2,1.26,-0.06,0.34,0.28,0.3,1464.7141358833803,739.1213611475212,351.0,1.1515119212987452,1.162871335390629,0.8681326338847224,0.8766965730785538,1.7,1.8,1.45,1.35,1.2,1.26,2026-03-30,-0.0085639391938313,102600000.0,0.4076664295123919,0.4149826246053963,0.3056769707863976,0.3732352615269646,0.5555555555555555,0.4038212968832462,999.0,0.0005852107019491,not_listed,0.0,0.3209399950268355
Mozambique,1492.4293284843754,288.0,1990-03-06,2026-01-05,1.3125,1.0659722222222223,1.1944444444444444,-0.1284722222222222,0.3506944444444444,0.3263888888888889,5.0,0.8,1.2,2.2,-1.0,0.2,0.0,0.4,10.0,1.0,1.1,2.2,-1.1,0.3,0.2,0.3,20.0,1.55,1.4,1.55,-0.15,0.45,0.2,0.2,50.0,1.34,1.18,1.34,-0.16,0.36,0.22,0.24,1492.4293284843754,647.593197817969,288.0,1.0989254812228493,1.2718781970589434,0.828487360670165,0.9588775841313,1.1,2.2,1.4,1.55,1.18,1.34,2026-01-05,-0.130390223461135,102600000.0,0.4393101355395645,0.4149826246053963,0.2822878880888557,0.3239710786046385,0.3703703703703703,0.3854800856312578,999.0,0.0005852107019491,not_listed,0.0,0.3267078817875996
Guadeloupe,1461.4876233530283,99.0,1990-05-01,2025-06-24,1.3737373737373737,1.4343434343434345,1.393939393939394,0.0404040404040404,0.3939393939393939,0.303030303030303,5.0,1.2,1.4,2.0,-0.6,0.4,0.4,0.0,10.0,1.3,1.4,1.5,-0.1,0.4,0.4,0.2,20.0,1.5,1.4,1.25,0.15,0.45,0.35,0.15,50.0,1.3,1.26,1.36,-0.1,0.36,0.28,0.28,1461.4876233530283,735.6694305088628,99.0,1.320289209308373,1.3932663649179151,0.9953749740373654,1.0503929457499577,1.4,1.5,1.4,1.25,1.26,1.36,2025-06-24,-0.0550179717125922,102600000.0,0.4039825722333419,0.4149826246053963,0.3807447247744353,0.2781831162799464,0.4814814814814814,0.3921268807393241,999.0,0.0005852107019491,not_listed,0.0,0.31904167513974313
Panama,1712.1678348726275,273.0,1991-05-12,2026-01-22,1.4029304029304028,1.3186813186813189,1.3223443223443223,-0.0036630036630036,0.3882783882783883,0.315018315018315,5.0,1.2,1.2,1.2,0.0,0.2,0.0,0.2,10.0,1.7,1.7,1.0,0.7,0.4,0.2,0.2,20.0,1.45,1.6,1.55,0.05,0.4,0.2,0.2,50.0,1.5,1.52,1.38,0.14,0.42,0.24,0.26,1599.549340864291,867.7972033889309,273.0,1.4577923082264053,1.3690691508215738,1.0292608683077775,0.9580639396719416,1.7,1.0,1.6,1.55,1.52,1.38,2026-01-22,0.0668889890758173,34930000.0,0.5616139647128618,0.178803890995088,0.4419025317513008,0.2866624253454088,0.6296296296296295,0.413513566925743,999.0,0.0005852107019491,not_listed,0.0,0.3598674427800948
Angola,1538.4200619055466,289.0,1990-03-06,2025-12-29,1.4705882352941178,1.207612456747405,0.9653979238754326,0.2422145328719723,0.3667820069204152,0.3737024221453287,5.0,1.2,0.8,1.0,-0.2,0.2,0.4,0.6,10.0,1.2,1.0,1.0,0.0,0.2,0.3,0.5,20.0,1.5,0.95,0.75,0.2,0.35,0.4,0.4,50.0,1.44,1.2,0.96,0.24,0.36,0.32,0.36,1538.4200619055466,792.289027857496,289.0,1.142611252673711,0.9098365050021632,0.861422359545512,0.6859319012530478,1.0,1.0,0.95,0.75,1.2,0.96,2025-12-29,0.1754904582924642,52700000.0,0.491819864384146,0.2689512852033567,0.3017181845625369,0.5330953020144854,0.4444444444444444,0.409041241266288,999.0,0.0005852107019491,not_listed,0.0,0.31899822488694607
Iceland,1510.4433806072743,308.0,1990-03-28,2026-03-31,1.146103896103896,1.2792207792207793,1.5324675324675323,-0.2532467532467532,0.3051948051948052,0.2694805194805195,5.0,1.0,1.0,1.8,-0.8,0.2,0.2,0.4,10.0,1.2,1.9,1.9,0.0,0.3,0.2,0.2,20.0,1.1,1.6,2.05,-0.45,0.3,0.25,0.15,50.0,1.12,1.5,1.66,-0.16,0.26,0.26,0.2,1510.4433806072743,673.6995212732735,308.0,1.3744383020947644,1.633801536376925,1.0361983417104497,1.2317340400784538,1.9,1.9,1.6,2.05,1.5,1.66,2026-03-31,-0.1955356983680041,78150000.0,0.4598776047230444,0.3553165488194091,0.4048288348102145,0.2075513980453202,0.4444444444444444,0.3860877782306925,999.0,0.0005852107019491,not_listed,0.0,0.31790505337228936
Kyrgyzstan,1467.3708877577048,166.0,1992-08-23,2026-03-28,1.072289156626506,1.1506024096385543,1.6987951807228916,-0.5481927710843374,0.3012048192771084,0.2289156626506024,5.0,0.6,1.6,2.6,-1.0,0.2,0.0,0.2,10.0,0.8,1.7,2.0,-0.3,0.2,0.0,0.2,20.0,1.1,1.5,1.65,-0.15,0.3,0.1,0.25,50.0,1.24,1.52,1.58,-0.06,0.36,0.16,0.28,1467.3708877577048,624.3168994909672,166.0,1.3516066146856631,1.586476385272955,1.0189853779886842,1.1960552882418736,1.7,2.0,1.5,1.65,1.52,1.58,2026-03-28,-0.1770699102531894,102600000.0,0.4106997649291282,0.4149826246053963,0.3946738932670109,0.2197557221600352,0.2962962962962963,0.3692846458202304,999.0,0.0005852107019491,not_listed,0.0,0.31702866148129394
Lebanon,1442.4823076777227,235.0,1993-01-02,2025-11-26,1.1574468085106382,1.1446808510638298,1.2936170212765958,-0.1489361702127659,0.2851063829787234,0.3148936170212766,5.0,2.0,2.0,0.4,1.6,0.6,0.8,0.2,10.0,1.8,2.0,0.7,1.3,0.5,0.6,0.3,20.0,1.35,1.35,1.05,0.3,0.35,0.5,0.45,50.0,1.2,1.08,1.16,-0.08,0.32,0.38,0.44,1442.4823076777227,847.1170384549753,235.0,1.0830601801763549,1.216283860628138,0.8165264027937298,0.9169646374895368,2.0,0.7,1.35,1.05,1.08,1.16,2025-11-26,-0.1004382346958071,102600000.0,0.3822833320064711,0.4149826246053963,0.2752314142590565,0.3479928328746212,0.6666666666666666,0.3976951260903323,999.0,0.0005852107019491,not_listed,0.0,0.30876790001823584
Niger,1451.1997819536905,163.0,1990-08-19,2026-03-31,1.030674846625767,1.0368098159509205,1.5521472392638036,-0.5153374233128835,0.2699386503067484,0.2085889570552147,5.0,1.6,1.0,0.6,0.4,0.4,0.4,0.4,10.0,1.8,1.7,1.2,0.5,0.5,0.4,0.3,20.0,1.4,1.4,1.2,0.2,0.4,0.25,0.35,50.0,1.06,1.22,1.58,-0.36,0.28,0.2,0.38,1451.1997819536905,813.0399018791608,163.0,1.103263311733044,1.5075035036980515,0.8317576804614822,1.13651709812938,1.7,1.2,1.4,1.2,1.22,1.58,2026-03-31,-0.3047594176678977,102600000.0,0.3922364720498948,0.4149826246053963,0.2842172424316185,0.2418276708758619,0.6666666666666666,0.386601825031601,999.0,0.0005852107019491,not_listed,0.0,0.30477612599142845
Madagascar,1441.828858071097,174.0,1990-08-19,2026-03-28,1.3333333333333333,1.2701149425287357,1.2471264367816093,0.0229885057471264,0.3505747126436782,0.293103448275862,5.0,1.8,2.2,2.2,0.0,0.6,0.0,0.2,10.0,1.1,1.5,1.8,-0.3,0.3,0.0,0.3,20.0,1.3,1.4,1.35,0.05,0.35,0.15,0.35,50.0,1.14,1.2,1.44,-0.24,0.28,0.22,0.4,1441.828858071097,676.8229861319937,174.0,1.2420310473260516,1.3471958830649906,0.9363756158647948,1.015660097556594,1.5,1.8,1.4,1.35,1.2,1.44,2026-03-28,-0.0792844816917994,102600000.0,0.3815372586324441,0.4149826246053963,0.3459375269546091,0.2945894858561042,0.4074074074074074,0.3741034893350523,999.0,0.0005852107019491,not_listed,0.0,0.3102403976665386
Turkmenistan,1427.0928210805705,139.0,1992-06-01,2025-11-18,1.316546762589928,1.6258992805755397,1.5179856115107917,0.1079136690647482,0.3884892086330935,0.2517985611510791,5.0,2.4,2.8,1.2,1.6,0.8,0.2,0.0,10.0,1.3,1.6,1.8,-0.2,0.4,0.1,0.3,20.0,1.0,1.15,1.7,-0.55,0.3,0.05,0.45,50.0,1.08,1.28,1.66,-0.38,0.32,0.1,0.36,1427.0928210805705,646.1917694862567,139.0,1.3724597993117238,1.6367548785960746,1.03470673506668,1.2339605847733464,1.6,1.8,1.15,1.7,1.28,1.66,2025-11-18,-0.1992538497066664,102600000.0,0.3647124496099363,0.4149826246053963,0.4039488481607463,0.2068131786261257,0.4814814814814814,0.3711574656810057,999.0,0.0005852107019491,not_listed,0.0,0.3010810138922497
Jordan,1672.662053399063,356.0,1990-06-01,2026-03-31,1.5224719101123596,1.3904494382022472,0.9747191011235956,0.4157303370786517,0.4101123595505618,0.4185393258426966,5.0,2.0,2.2,1.2,1.0,0.6,0.4,0.0,10.0,1.1,1.7,1.7,0.0,0.3,0.3,0.2,20.0,1.5,1.75,1.1,0.65,0.4,0.4,0.25,50.0,1.7,1.9,1.24,0.66,0.52,0.44,0.18,1634.7551063848398,817.6397978731779,356.0,1.506524828147446,1.0302720125921143,1.1017195732546776,0.7734047019476361,1.7,1.7,1.75,1.1,1.9,1.24,2026-03-31,0.3590502221607486,18350000.0,0.601810001256148,0.0377057126186037,0.4635774908633418,0.4472149288553523,0.4074074074074074,0.3974195322928475,999.0,0.0005852107019491,not_listed,0.0,0.31952781631993904
Burundi,1420.2092787025254,173.0,1992-06-21,2025-10-14,1.2658959537572254,1.1445086705202312,1.1676300578034682,-0.0231213872832369,0.3352601156069364,0.3121387283236994,5.0,0.8,0.2,1.0,-0.8,0.2,0.4,0.8,10.0,1.1,0.9,1.0,-0.1,0.3,0.4,0.7,20.0,1.1,1.15,1.55,-0.4,0.3,0.2,0.5,50.0,1.14,1.26,1.24,0.02,0.28,0.18,0.4,1420.2092787025254,679.0941754161364,173.0,1.1967870232029303,1.2325934253341977,0.902265839749538,0.9292605287468464,0.9,1.0,1.15,1.55,1.26,1.24,2025-10-14,-0.0269946889973081,102600000.0,0.3568531936930705,0.4149826246053963,0.3258141601654142,0.3407210280323218,0.4074074074074074,0.3693652929143249,999.0,0.0005852107019491,not_listed,0.0,0.3036727368092385
Rwanda,1422.8251741861911,249.0,1995-11-26,2026-03-30,1.21285140562249,1.036144578313253,1.1485943775100402,-0.1124497991967871,0.3132530120481928,0.321285140562249,5.0,1.8,1.4,0.4,1.0,0.6,0.6,0.4,10.0,1.3,1.0,1.0,0.0,0.4,0.3,0.5,20.0,1.15,0.75,1.0,-0.25,0.3,0.3,0.55,50.0,1.08,0.84,1.0,-0.16,0.26,0.3,0.52,1422.8251741861911,716.271328383786,249.0,0.9293464382718508,1.0625430503521744,0.7006405720388668,0.8010583997061617,1.0,1.0,0.75,1.0,0.84,1.0,2026-03-30,-0.1004178276672949,102600000.0,0.3598398814954838,0.4149826246053963,0.2068635343271915,0.4275102605008568,0.4814814814814814,0.3729938320471239,999.0,0.0005852107019491,not_listed,0.0,0.3003968891095021
Martinique,1440.2983920507954,114.0,1990-04-29,2026-03-26,1.3157894736842106,1.394736842105263,1.368421052631579,0.0263157894736842,0.3421052631578947,0.3157894736842105,5.0,0.4,0.4,1.2,-0.8,0.0,0.2,0.8,10.0,1.0,0.8,1.2,-0.4,0.2,0.3,0.4,20.0,0.75,0.85,1.65,-0.8,0.15,0.25,0.4,50.0,1.1,1.16,1.42,-0.26,0.28,0.32,0.34,1440.2983920507954,632.134276422858,114.0,1.1084697567236428,1.4484736444893125,0.8356828545906102,1.0920140876048088,0.8,1.2,0.85,1.65,1.16,1.42,2026-03-26,-0.2563312330141986,102600000.0,0.3797898554111054,0.4149826246053963,0.2865329339344006,0.2598976418692294,0.3703703703703703,0.3556737289528174,999.0,0.0005852107019491,not_listed,0.0,0.3024331867396083
Montenegro,1472.7604066184806,143.0,2007-03-24,2026-03-31,1.2937062937062938,1.2377622377622377,1.356643356643357,-0.1188811188811188,0.3496503496503496,0.3146853146853147,5.0,1.8,2.0,1.6,0.4,0.6,0.2,0.0,10.0,1.6,1.8,1.8,0.0,0.5,0.1,0.2,20.0,1.1,1.3,1.75,-0.45,0.35,0.15,0.3,50.0,1.26,1.28,1.4,-0.12,0.36,0.28,0.36,1472.7604066184806,710.7421829783162,143.0,1.2617880025225805,1.4033397736217372,0.9512705181537436,1.0579873567747111,1.8,1.8,1.3,1.75,1.28,1.4,2026-03-31,-0.1067168386209675,60630000.0,0.4168532257011152,0.299676532136716,0.3547249074708849,0.2747393465579747,0.5925925925925926,0.3744966593931575,999.0,0.0005852107019491,not_listed,0.0,0.2922608871469899
Philippines,1385.2559796476794,214.0,1991-06-22,2025-11-18,1.0654205607476634,1.102803738317757,1.8271028037383177,-0.7242990654205608,0.2850467289719626,0.2663551401869158,5.0,2.0,2.2,1.4,0.8,0.6,0.2,0.0,10.0,1.9,1.8,1.0,0.8,0.5,0.3,0.0,20.0,1.05,1.15,1.5,-0.35,0.25,0.2,0.3,50.0,1.02,1.22,1.72,-0.5,0.28,0.18,0.3,1385.2559796476794,763.3651908414557,214.0,1.2324838549628088,1.5240146872230196,0.929177922902,1.1489649911793431,1.8,1.0,1.15,1.5,1.22,1.72,2025-11-18,-0.2197870682773431,102600000.0,0.3169454096882903,0.4149826246053963,0.3416911837644074,0.2370238660094047,0.7037037037037036,0.3718541773786928,999.0,0.0005852107019491,not_listed,0.0,0.28363903335648866
Tuvalu,1447.456244485605,16.0,2003-05-01,2023-11-27,0.875,1.125,5.1875,-4.0625,0.25,0.125,5.0,1.2,1.8,5.2,-3.4,0.4,0.2,0.4,10.0,1.0,1.4,5.0,-3.6,0.3,0.2,0.4,16.0,0.875,1.125,5.1875,-4.0625,0.25,0.125,0.5,16.0,0.875,1.125,5.1875,-4.0625,0.25,0.125,0.5,1447.456244485605,146.35531001852237,16.0,1.3227468029484684,5.30041205096705,0.9972277705219976,2.5,1.4,5.0,1.125,5.1875,1.125,5.1875,2023-11-27,-1.5027722294780024,102600000.0,0.3879623036958367,0.4149826246053963,0.381837798593507,0.0,0.3703703703703703,0.333845169270955,999.0,0.0005852107019491,not_listed,0.0,0.2611824974807052
Ethiopia,1414.5214675844677,223.0,1990-08-17,2025-10-08,1.1838565022421526,1.1838565022421526,1.4887892376681615,-0.3049327354260089,0.3094170403587444,0.3094170403587444,5.0,1.2,1.4,1.4,0.0,0.4,0.2,0.6,10.0,0.9,0.9,1.5,-0.6,0.2,0.3,0.6,20.0,1.15,1.05,1.3,-0.25,0.3,0.35,0.45,50.0,1.12,1.06,1.3,-0.24,0.26,0.3,0.4,1414.5214675844677,634.5346604130104,223.0,1.1581173911808345,1.391078069358585,0.8731125423517722,1.048743174911722,0.9,1.5,1.05,1.3,1.06,1.3,2025-10-08,-0.1756306325599498,102600000.0,0.3503591589753959,0.4149826246053963,0.308614912223493,0.2789378173364152,0.3333333333333333,0.3478376045600572,999.0,0.0005852107019491,not_listed,0.0,0.2958894738102813
Malawi,1426.6199340476317,334.0,1990-01-20,2026-03-31,1.2095808383233533,1.0,1.218562874251497,-0.218562874251497,0.3023952095808383,0.3173652694610778,5.0,1.6,1.0,0.8,0.2,0.4,0.4,0.4,10.0,0.9,0.5,1.2,-0.7,0.2,0.3,0.7,20.0,1.25,0.85,1.0,-0.15,0.3,0.4,0.45,50.0,1.08,0.74,1.22,-0.48,0.26,0.3,0.48,1426.6199340476317,665.9789703214343,334.0,0.8905236249958575,1.159382387296313,0.6713717902566598,0.8740662314880041,0.5,1.2,0.85,1.0,0.74,1.22,2026-03-31,-0.2026944412313442,102600000.0,0.3641725328043846,0.4149826246053963,0.1895961553421734,0.3749650411637336,0.3333333333333333,0.3492235554421031,999.0,0.0005852107019491,not_listed,0.0,0.29788994703479965
Nicaragua,1405.804064651621,127.0,1992-06-07,2026-03-27,0.952755905511811,1.1338582677165354,1.8818897637795275,-0.7480314960629921,0.2755905511811024,0.2362204724409448,5.0,0.6,0.6,2.0,-1.4,0.2,0.2,0.6,10.0,0.6,0.4,1.7,-1.3,0.2,0.2,0.7,20.0,1.3,1.45,1.2,0.25,0.4,0.3,0.45,50.0,1.1,1.28,1.38,-0.1,0.32,0.3,0.44,1405.804064651621,622.6118290932295,127.0,1.307516884346963,1.48260121050667,0.9857458317727548,1.117743090689126,0.4,1.7,1.45,1.2,1.28,1.38,2026-03-27,-0.131997258916371,102600000.0,0.3404061003876845,0.4149826246053963,0.3750639263722016,0.2492751843422158,0.2222222222222222,0.3387608801164234,999.0,0.0005852107019491,not_listed,0.0,0.29506406298319215
Qatar,1615.1180569930018,389.0,1990-02-23,2025-12-07,1.570694087403599,1.5244215938303345,1.1259640102827764,0.3984575835475578,0.4473007712082262,0.365038560411311,5.0,0.4,0.4,1.4,-1.0,0.0,0.2,0.6,10.0,0.7,0.8,1.8,-1.0,0.1,0.2,0.4,20.0,1.2,1.25,1.65,-0.4,0.3,0.2,0.25,50.0,1.44,1.4,1.36,0.04,0.4,0.28,0.22,1608.8886690735103,667.9999010830796,389.0,1.5145695443217206,1.1941152717829082,1.1604038911211014,0.912753140517663,0.8,1.8,1.25,1.65,1.4,1.36,2025-12-07,0.2415926457321991,20480000.0,0.5722771039014816,0.0617773231696679,0.4671555716690931,0.358195447618842,0.2592592592592592,0.3654698959770517,999.0,0.0005852107019491,not_listed,0.0,0.3012719433342731
Botswana,1423.7623128714974,269.0,1990-01-20,2026-03-31,1.1821561338289963,0.8438661710037175,1.1263940520446096,-0.2825278810408922,0.2973977695167286,0.3828996282527881,5.0,0.8,0.6,1.8,-1.2,0.2,0.2,0.6,10.0,0.7,0.7,1.8,-1.1,0.2,0.2,0.5,20.0,0.95,0.9,1.6,-0.7,0.25,0.15,0.4,50.0,1.12,0.76,1.14,-0.38,0.3,0.34,0.46,1423.7623128714974,560.6930407921739,269.0,0.8762343070874163,1.110227872073524,0.6605989767383421,0.8370083096563676,0.7,1.8,0.9,1.6,0.76,1.14,2026-03-31,-0.1764093329180255,102600000.0,0.36090985569669,0.4149826246053963,0.1832406378785528,0.4004908333066825,0.2592592592592592,0.3435497522489018,999.0,0.0005852107019491,not_listed,0.0,0.2976753626568912
Comoros,1419.6901921016552,125.0,1990-08-21,2026-03-31,0.92,0.864,1.584,-0.72,0.224,0.232,5.0,0.6,0.0,0.6,-0.6,0.0,0.6,1.0,10.0,1.0,1.1,1.2,-0.1,0.2,0.5,0.5,20.0,1.15,1.0,1.35,-0.35,0.3,0.4,0.4,50.0,1.22,1.2,1.32,-0.12,0.34,0.34,0.32,1419.6901921016552,658.8605864457448,125.0,0.9998320793418825,1.3637928784824676,0.7537801740710931,1.0281726847733172,1.1,1.2,1.0,1.35,1.2,1.32,2026-03-31,-0.2743925107022241,102600000.0,0.3562605287227397,0.4149826246053963,0.2382137167239629,0.288551321300786,0.3703703703703703,0.3444886339450574,999.0,0.0005852107019491,not_listed,0.0,0.2933153062223968
Suriname,1481.854099969161,127.0,1990-04-29,2026-03-26,1.4566929133858268,1.7244094488188977,1.3622047244094488,0.3622047244094488,0.3937007874015748,0.2440944881889764,5.0,0.6,0.8,1.4,-0.6,0.0,0.2,0.2,10.0,0.9,0.6,1.3,-0.7,0.2,0.3,0.4,20.0,1.2,1.25,1.1,0.15,0.3,0.25,0.35,50.0,1.44,1.58,1.24,0.34,0.42,0.28,0.32,1481.854099969161,708.8343449861225,127.0,1.6345003066970945,1.2618032836121398,1.2322608477539183,0.9512820386706248,0.6,1.3,1.25,1.1,1.58,1.24,2026-03-26,0.2809788090832936,39230000.0,0.427235912310331,0.2042512620036201,0.5204976597649679,0.3281673037672433,0.3333333333333333,0.3612284626726859,999.0,0.0005852107019491,not_listed,0.0,0.28815799941788117
Singapore,1378.4942093137472,318.0,1990-08-18,2025-11-13,1.389937106918239,1.4056603773584906,1.4433962264150944,-0.0377358490566037,0.3930817610062893,0.2861635220125786,5.0,1.0,1.4,1.6,-0.2,0.2,0.0,0.0,10.0,1.1,1.3,1.6,-0.3,0.3,0.0,0.2,20.0,1.35,1.5,1.7,-0.2,0.4,0.1,0.15,50.0,1.26,1.38,1.74,-0.36,0.36,0.14,0.26,1378.4942093137472,640.3223941911863,318.0,1.338379520954397,1.6050757398250557,1.0090133824694254,1.2100774675673462,1.3,1.6,1.5,1.7,1.38,1.74,2025-11-13,-0.2010640850979208,102600000.0,0.3092251864969665,0.4149826246053963,0.3887908255278329,0.2148734344741665,0.4074074074074074,0.343264851166328,999.0,0.0005852107019491,not_listed,0.0,0.2823900194453124
Monaco,1480.4781582586174,5.0,2000-06-11,2006-04-22,0.8,1.0,3.8,-2.8,0.2,0.0,5.0,0.8,1.0,3.8,-2.8,0.2,0.0,0.4,5.0,0.8,1.0,3.8,-2.8,0.2,0.0,0.4,5.0,0.8,1.0,3.8,-2.8,0.2,0.0,0.4,5.0,0.8,1.0,3.8,-2.8,0.2,0.0,0.4,1480.4781582586174,310.2151712163778,5.0,0.9491020001676044,4.100821995988635,0.7155344239089281,2.5,1.0,3.8,1.0,3.8,1.0,3.8,2006-04-22,-1.784465576091072,102600000.0,0.4256649365777862,0.4149826246053963,0.2156502951394714,0.0,0.2962962962962963,0.3147055578541246,999.0,0.0005852107019491,not_listed,0.0,0.26123527362304205
India,1374.4912733801048,251.0,1991-01-17,2025-11-18,1.3665338645418326,1.3665338645418326,1.4262948207171315,-0.0597609561752988,0.3745019920318725,0.3067729083665338,5.0,0.4,0.4,1.2,-0.8,0.0,0.2,0.6,10.0,0.8,0.7,1.1,-0.4,0.1,0.3,0.5,20.0,0.65,0.5,1.25,-0.75,0.1,0.3,0.6,50.0,1.16,0.94,1.06,-0.12,0.26,0.32,0.38,1374.4912733801048,588.5210730210472,251.0,1.2274100959471914,1.2573787369197584,0.925352781627773,0.9479463429624372,0.7,1.1,0.5,1.25,0.94,1.06,2025-11-18,-0.0225935613346641,102600000.0,0.3046548510223634,0.4149826246053963,0.3394345075369921,0.3300313885155954,0.2962962962962963,0.340424368046694,999.0,0.0005852107019491,not_listed,0.0,0.28668669637753885
Gabon,1514.6828061411018,237.0,1990-04-29,2026-03-27,1.337552742616034,1.181434599156118,1.1561181434599157,0.0253164556962025,0.350210970464135,0.3459915611814346,5.0,0.6,1.2,2.2,-1.0,0.2,0.2,0.2,10.0,1.5,2.1,1.9,0.2,0.5,0.3,0.1,20.0,1.6,1.8,1.8,0.0,0.5,0.3,0.15,50.0,1.4,1.34,1.36,-0.02,0.38,0.28,0.24,1514.6828061411018,747.6072627634958,237.0,1.3023442191885042,1.2827408417967154,0.9818461244877869,0.9670670055456438,2.1,1.9,1.8,1.8,1.34,1.36,2026-03-27,0.014779118942143,33800000.0,0.4647179512163142,0.1715956713393515,0.3727632592613787,0.3195206097445606,0.5555555555555555,0.3649483366669943,999.0,0.0005852107019491,not_listed,0.0,0.2807846112155457
Yemen,1375.0655885181336,185.0,1990-09-08,2025-11-26,0.9837837837837838,1.1567567567567567,1.6756756756756757,-0.518918918918919,0.2486486486486486,0.2378378378378378,5.0,2.2,4.4,1.0,3.4,0.6,0.6,0.2,10.0,1.7,2.6,0.9,1.7,0.4,0.5,0.4,20.0,1.05,1.5,1.6,-0.1,0.25,0.35,0.6,50.0,0.98,1.02,1.74,-0.72,0.24,0.28,0.56,1375.0655885181336,760.7795148331602,185.0,1.13746252763475,1.641242908729428,0.8575407008787217,1.2373441410775032,2.6,0.9,1.5,1.6,1.02,1.74,2025-11-26,-0.3798034401987815,102600000.0,0.3053105729455835,0.4149826246053963,0.2994281653950601,0.2056964339438533,0.6296296296296295,0.3493360095461033,999.0,0.0005852107019491,not_listed,0.0,0.2733983978529787
Bermuda,1364.8897375274428,86.0,1990-04-03,2025-11-13,1.1162790697674418,1.6162790697674418,1.8953488372093024,-0.2790697674418604,0.3255813953488372,0.2906976744186046,5.0,0.6,0.8,3.8,-3.0,0.2,0.0,0.6,10.0,0.9,1.7,3.5,-1.8,0.3,0.0,0.4,20.0,0.85,1.35,2.75,-1.4,0.25,0.15,0.3,50.0,1.2,1.56,2.1,-0.54,0.36,0.3,0.24,1364.8897375274428,400.2003818873493,86.0,1.5588312597559504,2.361183383771791,1.175213440940733,1.780112139635284,1.7,3.5,1.35,2.75,1.56,2.1,2025-11-13,-0.6048986986945508,102600000.0,0.2936923373460166,0.4149826246053963,0.4868420330673576,0.0815172947588385,0.3333333333333333,0.3251252067297177,999.0,0.0005852107019491,not_listed,0.0,0.2638941363441726
Namibia,1403.6866109410134,247.0,1990-06-07,2026-03-28,1.0688259109311742,0.9595141700404858,1.3765182186234817,-0.4170040485829959,0.2591093117408907,0.2631578947368421,5.0,0.2,0.0,2.0,-2.0,0.0,0.2,1.0,10.0,0.6,0.3,1.5,-1.2,0.1,0.4,0.7,20.0,0.65,0.35,1.3,-0.95,0.1,0.4,0.65,50.0,1.1,0.84,1.18,-0.34,0.28,0.32,0.42,1403.6866109410134,537.6589749234561,247.0,0.8700793089671511,1.199123014994745,0.6559586819824921,0.9040269597774347,0.3,1.5,0.35,1.3,0.84,1.18,2026-03-28,-0.2480682777949426,102600000.0,0.3379885064092032,0.4149826246053963,0.1805030545808371,0.3558577588227799,0.2222222222222222,0.3247179776273349,999.0,0.0005852107019491,not_listed,0.0,0.2874275567167285
Bonaire,1398.9631588109305,22.0,2010-10-29,2025-11-15,0.9545454545454546,1.3636363636363635,2.909090909090909,-1.5454545454545454,0.2727272727272727,0.1363636363636363,5.0,0.6,0.8,2.4,-1.6,0.2,0.2,0.4,10.0,1.0,1.1,2.1,-1.0,0.3,0.3,0.3,20.0,1.0,1.25,2.85,-1.6,0.3,0.15,0.3,22.0,0.9545454545454546,1.3636363636363635,2.909090909090909,-1.5454545454545454,0.2727272727272727,0.1363636363636363,0.2727272727272727,1398.9631588109305,495.5334214649188,22.0,1.2508651944445028,2.478937931635283,0.9430357391898024,1.8688880905375904,1.1,2.1,1.25,2.85,1.3636363636363635,2.909090909090909,2025-11-15,-0.925852351347788,102600000.0,0.3325955245602371,0.4149826246053963,0.349866726140131,0.068069937169737,0.3703703703703703,0.3198816262809493,999.0,0.0005852107019491,not_listed,0.0,0.26331371538295545
Tanzania,1404.0720062785454,331.0,1990-01-20,2026-03-26,1.1027190332326284,0.9758308157099698,1.253776435045317,-0.2779456193353474,0.2688821752265861,0.2870090634441087,5.0,0.4,0.6,1.2,-0.6,0.0,0.0,0.4,10.0,0.3,0.7,1.5,-0.8,0.0,0.0,0.5,20.0,1.0,0.8,1.05,-0.25,0.25,0.3,0.5,50.0,1.06,0.74,1.04,-0.3,0.26,0.3,0.44,1404.0720062785454,557.8324028253454,331.0,0.8856636581190954,1.1882982040417869,0.6677078283234152,0.8958660615096192,0.7,1.5,0.8,1.05,0.74,1.04,2026-03-26,-0.2281582331862039,102600000.0,0.3384285299349522,0.4149826246053963,0.187434568305214,0.3609356779147228,0.1111111111111111,0.315562289672684,999.0,0.0005852107019491,not_listed,0.0,0.28838975415644336
Curaçao,1532.3269238949165,110.0,1990-04-17,2026-03-31,1.2545454545454546,1.4727272727272729,1.518181818181818,-0.0454545454545454,0.3363636363636363,0.2545454545454545,5.0,2.0,2.6,1.4,1.2,0.6,0.6,0.2,10.0,1.7,2.1,1.3,0.8,0.5,0.4,0.2,20.0,1.2,1.55,1.75,-0.2,0.35,0.3,0.35,50.0,1.46,1.58,1.28,0.3,0.4,0.32,0.34,1504.4454806245346,787.0004662810406,110.0,1.588313738465735,1.4200739843408856,1.223178263444158,0.9699669473099956,2.1,1.3,1.55,1.75,1.58,1.28,2026-03-31,0.1268370897174859,26030000.0,0.4530295273321846,0.1143400173613177,0.4999550738374962,0.2691264626003515,0.6296296296296295,0.3654705323352341,999.0,0.0005852107019491,not_listed,0.0,0.2837315697864377
Sudan,1417.1876634396408,306.0,1990-08-17,2026-01-03,1.173202614379085,1.0130718954248366,1.3235294117647058,-0.3104575163398693,0.3039215686274509,0.3104575163398693,5.0,0.2,0.4,2.2,-1.8,0.0,0.2,0.6,10.0,0.5,0.4,1.7,-1.3,0.1,0.2,0.7,20.0,0.95,0.5,1.15,-0.65,0.2,0.5,0.65,50.0,0.88,0.62,1.36,-0.74,0.18,0.38,0.56,1417.1876634396408,543.7344485478384,306.0,0.8289092313609208,1.3563469994447048,0.6249202817293499,1.0225591861537378,0.4,1.7,0.5,1.15,0.62,1.36,2026-01-03,-0.3976389044243879,102600000.0,0.3534032770180371,0.4149826246053963,0.1621916733881459,0.2912419352102876,0.1851851851851851,0.3139703629159456,999.0,0.0005852107019491,not_listed,0.0,0.2868688556604825
Finland,1482.6497522257298,331.0,1990-02-15,2025-11-17,1.2205438066465255,1.054380664652568,1.2688821752265862,-0.2145015105740181,0.323262839879154,0.29607250755287,5.0,1.2,1.4,1.8,-0.4,0.4,0.2,0.4,10.0,1.3,1.2,1.5,-0.3,0.4,0.2,0.4,20.0,0.85,1.05,2.05,-1.0,0.25,0.1,0.4,50.0,1.04,0.94,1.48,-0.54,0.3,0.24,0.4,1482.6497522257298,653.1923885015784,331.0,1.0125879870886128,1.330066835944851,0.7633969392864023,1.0027463929589286,1.2,1.5,1.05,2.05,0.94,1.48,2025-11-17,-0.2393494536725263,48500000.0,0.4281443449692407,0.2507469388434722,0.2438872131755177,0.300979232343593,0.4814814814814814,0.3424153704261171,999.0,0.0005852107019491,not_listed,0.0,0.2774695015596379
Peru,1597.56565227468,355.0,1991-06-06,2026-03-31,1.171830985915493,1.0507042253521126,1.323943661971831,-0.2732394366197183,0.304225352112676,0.2816901408450704,5.0,0.4,1.0,1.8,-0.8,0.0,0.0,0.2,10.0,0.4,0.5,1.4,-0.9,0.0,0.2,0.6,20.0,0.65,0.5,1.25,-0.75,0.1,0.25,0.65,50.0,1.02,0.7,1.04,-0.34,0.24,0.36,0.54,1597.56565227468,622.904543523606,355.0,0.9434813495501062,1.2485380691285917,0.7112969773532631,0.9412813036581203,0.5,1.4,0.5,1.25,0.7,1.04,2026-03-31,-0.2299843263048573,28750000.0,0.5593490965056368,0.1361251866880884,0.2131503757321694,0.3337955808512764,0.1481481481481481,0.3266601887513267,999.0,0.0005852107019491,not_listed,0.0,0.29229852604454415
Cuba,1380.8290926622087,183.0,1992-05-02,2026-03-26,1.2950819672131149,1.2021857923497268,1.360655737704918,-0.1584699453551912,0.3442622950819672,0.360655737704918,5.0,1.0,1.2,1.4,-0.2,0.2,0.2,0.2,10.0,0.9,0.8,2.2,-1.4,0.2,0.3,0.4,20.0,1.0,0.7,1.8,-1.1,0.25,0.4,0.45,50.0,0.94,0.84,1.9,-1.06,0.26,0.34,0.52,1380.8290926622087,509.3730916979939,183.0,0.9816666134168868,1.643556489547862,0.7400851063192775,1.2390883653208329,0.8,2.2,0.7,1.8,0.84,1.9,2026-03-26,-0.4990032590015554,102600000.0,0.3118910298612953,0.4149826246053963,0.2301341892992903,0.2051231341145554,0.3333333333333333,0.3115294484482126,999.0,0.0005852107019491,not_listed,0.0,0.2703226677815719
Montserrat,1375.5917963402371,33.0,1991-05-14,2025-06-10,1.0,1.0909090909090908,3.0303030303030303,-1.9393939393939392,0.303030303030303,0.1818181818181818,5.0,1.2,0.6,1.4,-0.8,0.4,0.4,0.4,10.0,1.2,1.1,2.1,-1.0,0.4,0.2,0.4,20.0,1.3,1.25,1.85,-0.6,0.4,0.25,0.3,33.0,1.0,1.0909090909090908,3.0303030303030303,-1.9393939393939392,0.303030303030303,0.1818181818181818,0.3333333333333333,1375.5917963402371,589.0163083531068,33.0,1.1250632950046602,2.3445910945846387,0.8481928354487496,1.7676031004774666,1.1,2.1,1.25,1.85,1.0909090909090908,3.0303030303030303,2025-06-10,-0.919410265028717,102600000.0,0.3059113685406768,0.4149826246053963,0.2939133087713244,0.0835206783609208,0.4444444444444444,0.3118741776548672,999.0,0.0005852107019491,not_listed,0.0,0.2539351536561235
Indonesia,1479.0683914806764,296.0,1990-02-02,2026-03-30,1.4527027027027026,1.7567567567567568,1.4391891891891893,0.3175675675675675,0.4054054054054054,0.3310810810810811,5.0,0.8,1.2,1.6,-0.4,0.2,0.4,0.8,10.0,0.8,1.1,1.8,-0.7,0.2,0.3,0.6,20.0,1.15,1.0,1.5,-0.5,0.3,0.45,0.55,50.0,1.38,1.54,1.52,0.02,0.38,0.36,0.4,1479.0683914806764,613.5807761663044,296.0,1.6019177892404193,1.5509624498230203,1.2076966672403937,1.1692810918557943,1.1,1.8,1.0,1.5,1.54,1.52,2026-03-30,0.0384155753845991,31350000.0,0.424055341215045,0.1551021537201019,0.5060058022787338,0.2294033055552184,0.2962962962962963,0.3271359036600136,999.0,0.0005852107019491,not_listed,0.0,0.26581427210798475
Liberia,1389.7202599393847,156.0,1990-01-24,2026-03-31,1.0384615384615383,0.9294871794871796,1.5705128205128205,-0.6410256410256411,0.2756410256410256,0.3076923076923077,5.0,1.0,1.4,1.6,-0.2,0.2,0.0,0.4,10.0,0.8,0.9,2.0,-1.1,0.2,0.1,0.5,20.0,0.75,0.8,1.75,-0.95,0.15,0.2,0.5,50.0,0.9,0.84,1.66,-0.82,0.24,0.24,0.44,1389.7202599393847,525.3741169727232,156.0,0.8344308645540229,1.6774116811509654,0.6290830783783561,1.2646120234901077,0.9,2.0,0.8,1.75,0.84,1.66,2026-03-31,-0.6355289451117516,102600000.0,0.3220424831673522,0.4149826246053963,0.1646475524168949,0.1969147888983614,0.2962962962962963,0.3003245060868404,999.0,0.0005852107019491,not_listed,0.0,0.26785479347475183
Samoa,1391.1137271705854,30.0,1994-11-25,2024-11-15,0.7666666666666667,0.9,3.6333333333333337,-2.7333333333333334,0.2333333333333333,0.1333333333333333,5.0,0.6,0.8,3.8,-3.0,0.2,0.0,0.4,10.0,0.9,1.1,3.7,-2.6,0.3,0.1,0.4,20.0,0.8,0.95,3.65,-2.7,0.25,0.1,0.45,30.0,0.7666666666666667,0.9,3.6333333333333337,-2.7333333333333334,0.2333333333333333,0.1333333333333333,0.4666666666666667,1391.1137271705854,296.0011772267635,30.0,1.0884578956870503,3.4834295976952108,0.8205957770629737,2.5,1.1,3.7,0.95,3.65,0.9,3.6333333333333337,2024-11-15,-1.6794042229370263,102600000.0,0.3236334685903086,0.4149826246053963,0.2776321779212337,0.0,0.3333333333333333,0.2919955301794754,999.0,0.0005852107019491,not_listed,0.0,0.2320106452467544
Congo,1384.1151363185504,164.0,1990-08-18,2025-10-14,1.1158536585365857,0.9878048780487804,1.3719512195121952,-0.3841463414634146,0.2865853658536585,0.2926829268292683,5.0,0.2,0.4,1.6,-1.2,0.0,0.0,0.6,10.0,0.3,0.7,2.3,-1.6,0.0,0.0,0.5,20.0,0.45,0.8,2.2,-1.4,0.05,0.05,0.4,50.0,0.8,0.92,1.7,-0.78,0.16,0.14,0.34,1384.1151363185504,408.85181134334766,164.0,0.9490772221541656,1.618758773581337,0.7155157435968348,1.2203931993584478,0.7,2.3,0.8,2.2,0.92,1.7,2025-10-14,-0.504877455761613,102600000.0,0.3156428565561601,0.4149826246053963,0.2156392745226629,0.2113532990782528,0.1111111111111111,0.2893806530972536,999.0,0.0005852107019491,not_listed,0.0,0.2711597710704653
Greenland,1446.708337055767,11.0,1993-07-06,2024-06-01,0.9090909090909092,1.2727272727272727,2.090909090909091,-0.8181818181818182,0.2727272727272727,0.1818181818181818,5.0,0.2,0.2,2.2,-2.0,0.0,0.0,0.8,10.0,0.7,0.9,2.3,-1.4,0.2,0.1,0.5,11.0,0.9090909090909092,1.2727272727272727,2.090909090909091,-0.8181818181818182,0.2727272727272727,0.1818181818181818,0.4545454545454545,11.0,0.9090909090909092,1.2727272727272727,2.090909090909091,-0.8181818181818182,0.2727272727272727,0.1818181818181818,0.4545454545454545,1446.708337055767,531.5642062205497,11.0,0.4876405700940641,3.118861344364804,0.3676355274093407,2.3513306840548243,0.9,2.3,1.2727272727272727,2.090909090909091,1.2727272727272727,2.090909090909091,2024-06-01,-1.9836951566454837,102600000.0,0.3871083834945213,0.4149826246053963,0.0104042367613292,0.0127450018389106,0.2592592592592592,0.2686319020903934,999.0,0.0005852107019491,not_listed,0.0,0.23843837745667834
Barbados,1300.9336037957817,136.0,1990-03-16,2025-11-15,1.3014705882352942,1.463235294117647,1.5294117647058822,-0.0661764705882353,0.3602941176470588,0.2794117647058823,5.0,1.2,0.8,1.2,-0.4,0.2,0.4,0.6,10.0,1.2,1.8,2.2,-0.4,0.3,0.2,0.3,20.0,0.7,1.4,2.45,-1.05,0.15,0.1,0.3,50.0,0.98,1.16,1.98,-0.82,0.26,0.22,0.36,1300.9336037957817,513.4201217081018,136.0,1.271427010305688,1.9909943637083725,0.9585374313832192,1.501024131010592,1.8,2.2,1.4,2.45,1.16,1.98,2025-11-15,-0.5424866996273728,102600000.0,0.2206706873226804,0.4149826246053963,0.3590120877750846,0.1341527544319274,0.4444444444444444,0.2993995674897834,999.0,0.0005852107019491,not_listed,0.0,0.24019580181420586
Lesotho,1359.3379001828616,232.0,1990-03-07,2025-11-18,0.9267241379310344,0.8232758620689655,1.487068965517241,-0.6637931034482759,0.2068965517241379,0.2801724137931034,5.0,0.8,0.4,1.4,-1.0,0.2,0.4,0.6,10.0,0.6,0.3,1.8,-1.5,0.1,0.3,0.7,20.0,0.75,0.6,1.55,-0.95,0.15,0.25,0.55,50.0,0.9,0.72,1.54,-0.82,0.2,0.24,0.5,1359.3379001828616,499.70205508228776,232.0,0.7670840191391168,1.4897201187364788,0.5783098356420342,1.1231100838028032,0.3,1.8,0.6,1.55,0.72,1.54,2025-11-18,-0.544800248160769,102600000.0,0.2873535501193929,0.4149826246053963,0.1346934248023537,0.2471207215569112,0.2222222222222222,0.2838137428692485,999.0,0.0005852107019491,not_listed,0.0,0.2592286122788442
Kiribati,1455.1388762984773,5.0,2003-06-30,2011-09-05,0.0,0.6,11.8,-11.2,0.0,0.0,5.0,0.0,0.6,11.8,-11.2,0.0,0.0,0.6,5.0,0.0,0.6,11.8,-11.2,0.0,0.0,0.6,5.0,0.0,0.6,11.8,-11.2,0.0,0.0,0.6,5.0,0.0,0.6,11.8,-11.2,0.0,0.0,0.6,1455.1388762984773,-949.1875056656852,5.0,0.5663806393276629,12.20684765644252,0.4269981987214471,2.5,0.6,11.8,0.6,11.8,0.6,11.8,2011-09-05,-2.073001801278553,102600000.0,0.396733916655611,0.4149826246053963,0.0454257744097578,0.0,0.0,0.2494163931422766,999.0,0.0005852107019491,not_listed,0.0,0.23886366991560068
Eswatini,1342.5008741113877,226.0,1990-01-20,2025-10-08,0.9778761061946902,0.8849557522123894,1.5398230088495577,-0.6548672566371682,0.2212389380530973,0.243362831858407,5.0,0.6,1.0,2.0,-1.0,0.0,0.2,0.6,10.0,0.5,0.7,2.2,-1.5,0.0,0.1,0.6,20.0,0.6,0.8,1.75,-0.95,0.1,0.1,0.55,50.0,0.9,1.0,1.62,-0.62,0.18,0.18,0.38,1342.5008741113877,456.12539335012445,226.0,0.918990889069943,1.505548108789827,0.6928334533823481,1.135042912668888,0.7,2.2,0.8,1.75,1.0,1.62,2025-10-08,-0.4422094592865397,102600000.0,0.2681299455409267,0.4149826246053963,0.2022576550109206,0.2424035563812372,0.1851851851851851,0.2828088373180156,999.0,0.0005852107019491,not_listed,0.0,0.25748073758333156
Estonia,1363.4317148530342,365.0,1991-11-15,2026-03-30,0.9178082191780822,0.8136986301369863,1.7123287671232876,-0.8986301369863013,0.2301369863013698,0.2520547945205479,5.0,1.0,1.4,2.0,-0.6,0.2,0.0,0.2,10.0,0.6,0.9,2.2,-1.3,0.1,0.1,0.4,20.0,0.7,0.85,2.0,-1.15,0.15,0.1,0.5,50.0,0.84,0.8,1.88,-1.08,0.2,0.18,0.46,1363.4317148530342,461.5442716838654,365.0,0.8105033676708793,1.70896497418325,0.6110439764748311,1.2884002647416255,0.9,2.2,0.85,2.0,0.8,1.88,2026-03-30,-0.6773562882667946,102600000.0,0.2920276460139319,0.4149826246053963,0.1540052232815263,0.1895573527533018,0.2222222222222222,0.2797119408836717,999.0,0.0005852107019491,not_listed,0.0,0.2562284953530073
Honduras,1527.0217285787812,306.0,1991-05-12,2026-03-31,1.4150326797385622,1.4869281045751634,1.2908496732026145,0.196078431372549,0.392156862745098,0.3202614379084967,5.0,1.6,1.4,0.8,0.6,0.4,0.6,0.4,10.0,1.5,1.2,1.3,-0.1,0.4,0.4,0.4,20.0,1.4,1.55,1.5,0.05,0.4,0.3,0.35,50.0,1.14,1.2,1.52,-0.32,0.32,0.24,0.42,1527.0217285787812,793.1597778604515,306.0,1.2770147695747276,1.3756274253019447,0.9627500809285874,1.0370948297474112,1.2,1.3,1.55,1.5,1.2,1.52,2026-03-31,-0.0743447488188238,17280000.0,0.4788058646553857,0.0245366358931705,0.3614973779648922,0.2843347735400503,0.5555555555555555,0.3261465898839746,999.0,0.0005852107019491,not_listed,0.0,0.24530983516018062
Benin,1523.798698872451,193.0,1990-09-30,2026-03-31,1.0414507772020725,1.0103626943005182,1.5958549222797926,-0.5854922279792746,0.2590673575129533,0.2538860103626943,5.0,1.8,0.8,1.2,-0.4,0.6,0.6,0.2,10.0,1.8,1.0,1.1,-0.1,0.6,0.6,0.3,20.0,1.65,1.1,1.1,0.0,0.5,0.45,0.3,50.0,1.32,1.04,1.06,-0.02,0.34,0.38,0.32,1523.798698872451,835.709414492603,193.0,1.0633456594732964,1.2534382331969611,0.8016634921567145,0.9449755705262768,1.0,1.1,1.1,1.1,1.04,1.06,2026-03-31,-0.1433120783695622,18400000.0,0.4751259838761955,0.038302156646715,0.2664629075033084,0.3317026227687257,0.6666666666666666,0.332261129725819,999.0,0.0005852107019491,not_listed,0.0,0.24374600056949283
Tibet,1449.0666830811049,5.0,2001-06-30,2007-11-02,0.0,0.4,3.4,-3.0,0.0,0.0,5.0,0.0,0.4,3.4,-3.0,0.0,0.0,0.6,5.0,0.0,0.4,3.4,-3.0,0.0,0.0,0.6,5.0,0.0,0.4,3.4,-3.0,0.0,0.0,0.6,5.0,0.0,0.4,3.4,-3.0,0.0,0.0,0.6,1449.0666830811049,208.0800073864972,5.0,0.276765047838658,3.4512983544364384,0.35,2.5,0.4,3.4,0.4,3.4,0.4,3.4,2007-11-02,-2.15,102600000.0,0.389801015272713,0.4149826246053963,0.0,0.0,0.0,0.2401760114967986,999.0,0.0005852107019491,not_listed,0.0,0.2331550936047882
Aruba,1309.6205991708125,56.0,1990-09-30,2026-03-29,0.6428571428571429,1.0714285714285714,2.732142857142857,-1.6607142857142858,0.1607142857142857,0.1428571428571428,5.0,2.0,2.0,1.6,0.4,0.6,0.2,0.2,10.0,1.0,1.4,3.0,-1.6,0.3,0.1,0.4,20.0,0.85,1.1,2.7,-1.6,0.25,0.15,0.55,50.0,0.66,1.02,2.74,-1.72,0.16,0.16,0.48,1309.6205991708125,401.32926962686565,56.0,1.1522877458054837,2.587640134882431,0.8687175332331438,1.9508394175439017,1.4,3.0,1.1,2.7,1.02,2.74,2026-03-29,-1.0821218843107576,102600000.0,0.2305890282075644,0.4149826246053963,0.3060220373762009,0.0567427141596355,0.3703703703703703,0.2759035657914091,999.0,0.0005852107019491,not_listed,0.0,0.22318544510071547
Afghanistan,1322.5011544211936,113.0,2003-01-12,2025-10-14,1.008849557522124,0.9734513274336284,1.8495575221238936,-0.8761061946902655,0.247787610619469,0.247787610619469,5.0,0.4,0.4,1.2,-0.8,0.0,0.2,0.6,10.0,0.6,0.5,1.3,-0.8,0.1,0.2,0.6,20.0,0.8,0.65,1.8,-1.15,0.15,0.3,0.45,50.0,0.92,0.8,1.74,-0.94,0.2,0.18,0.4,1322.5011544211936,497.1255194895372,113.0,0.9060943073830148,1.7232352458466955,0.683110633131078,1.299158719166887,0.5,1.3,0.65,1.8,0.8,1.74,2025-10-14,-0.616048086035809,102600000.0,0.2452953486606714,0.4149826246053963,0.1965215904445453,0.186318366193236,0.2222222222222222,0.2692472439004735,999.0,0.0005852107019491,not_listed,0.0,0.2435120937843988
Togo,1472.3237146011274,246.0,1990-02-11,2026-03-31,1.170731707317073,1.0203252032520325,1.3617886178861789,-0.3414634146341463,0.3089430894308943,0.3048780487804878,5.0,1.4,0.8,1.2,-0.4,0.4,0.4,0.4,10.0,0.9,0.8,1.6,-0.8,0.2,0.2,0.4,20.0,1.3,1.0,1.25,-0.25,0.3,0.3,0.3,50.0,1.12,0.92,1.16,-0.24,0.26,0.32,0.4,1472.3237146011274,654.5456715705074,246.0,0.9871506321568544,1.2905148089310183,0.7442195451773935,0.9729278520025556,0.8,1.6,1.0,1.25,0.92,1.16,2026-03-31,-0.2287083068251622,29580000.0,0.4163546344042595,0.1423635721285299,0.2325733383962601,0.316381580074052,0.3333333333333333,0.2969915861775035,999.0,0.0005852107019491,not_listed,0.0,0.24669352312314
Latvia,1305.3008353356563,305.0,1991-11-16,2025-11-16,1.022950819672131,1.039344262295082,1.5049180327868852,-0.4655737704918032,0.2590163934426229,0.2557377049180327,5.0,0.2,0.6,2.2,-1.6,0.0,0.0,0.6,10.0,0.6,0.6,1.7,-1.1,0.1,0.2,0.5,20.0,0.55,0.55,2.0,-1.45,0.1,0.15,0.55,50.0,0.94,1.06,1.62,-0.56,0.22,0.2,0.36,1305.3008353356563,441.38537590104534,305.0,0.9758436646358684,1.6064180165796638,0.7356951458084564,1.2110894191006538,0.6,1.7,0.55,2.0,1.06,1.62,2025-11-16,-0.4753942732921974,102600000.0,0.2256569557924664,0.4149826246053963,0.2275442929232241,0.2145254638292834,0.2222222222222222,0.2712582764138107,999.0,0.0005852107019491,not_listed,0.0,0.24251610641343166
Grenada,1299.154649483202,115.0,1990-04-17,2026-03-30,0.9130434782608696,1.3478260869565215,2.121739130434783,-0.7739130434782608,0.2347826086956521,0.1304347826086956,5.0,1.2,1.6,1.6,0.0,0.4,0.4,0.6,10.0,1.0,1.0,1.8,-0.8,0.3,0.4,0.7,20.0,0.75,0.85,1.95,-1.1,0.15,0.25,0.55,50.0,0.6,0.86,2.58,-1.72,0.16,0.12,0.52,1299.154649483202,508.6195922674409,115.0,1.032409338051001,2.266092502292567,0.7783403899792305,1.7084224802665195,1.0,1.8,0.85,1.95,0.86,2.58,2026-03-30,-0.930082090287289,102600000.0,0.2186395736258188,0.4149826246053963,0.2527032352558716,0.093396466380572,0.3703703703703703,0.2692214992028893,999.0,0.0005852107019491,not_listed,0.0,0.2240195028207396
Bolivia,1552.6641826133157,320.0,1991-06-14,2026-03-31,0.878125,1.00625,1.75,-0.74375,0.215625,0.215625,5.0,0.8,0.8,1.6,-0.8,0.2,0.0,0.4,10.0,1.3,0.8,1.4,-0.6,0.4,0.3,0.4,20.0,1.2,0.95,1.75,-0.8,0.35,0.3,0.4,50.0,0.82,0.84,1.98,-1.14,0.24,0.24,0.48,1552.6641826133157,706.698882175992,320.0,0.9219019946869726,1.993800783248766,0.6950281556169358,1.503139909703217,0.8,1.4,0.95,1.75,0.84,1.98,2026-03-31,-0.8081117540862812,19380000.0,0.5080830300341664,0.0496762902191195,0.2035524391780884,0.1336801960852584,0.4814814814814814,0.2889811765043883,999.0,0.0005852107019491,not_listed,0.0,0.232550519138804
Bulgaria,1454.6851887796054,295.0,1990-05-05,2026-03-30,1.3389830508474576,1.250847457627119,1.3491525423728814,-0.0983050847457627,0.3593220338983051,0.2915254237288135,5.0,1.2,0.8,2.6,-1.8,0.4,0.2,0.4,10.0,0.8,0.7,2.6,-1.9,0.2,0.1,0.5,20.0,1.05,0.75,1.7,-0.95,0.2,0.3,0.45,50.0,0.88,0.88,1.62,-0.74,0.18,0.22,0.42,1454.6851887796054,518.6083349508224,295.0,1.0282837190328646,1.5611136923261657,0.7752300578685736,1.1769341823088384,0.7,2.6,0.75,1.7,0.88,1.62,2026-03-30,-0.4017041244402648,31300000.0,0.3962159208154931,0.1547522844518628,0.2508682670729241,0.2266008545910846,0.2962962962962963,0.2786136412776192,999.0,0.0005852107019491,not_listed,0.0,0.23707130634087686
Myanmar,1282.422606684485,217.0,1991-11-27,2025-10-14,1.1382488479262671,1.336405529953917,2.0506912442396312,-0.7142857142857143,0.3225806451612903,0.2119815668202765,5.0,1.4,1.0,2.0,-1.0,0.4,0.2,0.2,10.0,1.1,1.1,2.2,-1.1,0.3,0.1,0.3,20.0,0.85,0.8,2.4,-1.6,0.2,0.15,0.45,50.0,0.7,0.84,2.8,-1.96,0.18,0.12,0.52,1282.422606684485,449.0901730080182,217.0,1.018647499394099,2.339634483974924,0.767965246639995,1.7638662781796135,1.1,2.2,0.8,2.4,0.84,2.8,2025-10-14,-0.9959010315396188,102600000.0,0.1995358332629368,0.4149826246053963,0.2465823268629102,0.0841246608018549,0.4074074074074074,0.2639299866838325,999.0,0.0005852107019491,not_listed,0.0,0.21520553172317322
Malta,1324.4190860304627,280.0,1990-02-07,2025-11-17,0.6,0.6357142857142857,2.1392857142857142,-1.5035714285714286,0.1464285714285714,0.15,5.0,0.8,0.8,3.2,-2.4,0.2,0.2,0.4,10.0,0.9,0.6,1.9,-1.3,0.2,0.4,0.6,20.0,1.0,0.6,1.7,-1.1,0.25,0.4,0.55,50.0,1.04,0.86,1.84,-0.98,0.28,0.32,0.44,1324.4190860304627,501.9885887137083,280.0,0.6423498786181541,2.0174844553545404,0.4842719225792851,1.520995190456245,0.6,1.9,0.6,1.7,0.86,1.84,2025-11-17,-1.03672326787696,102600000.0,0.2474851391087361,0.4149826246053963,0.079214918867344,0.129744589161125,0.3333333333333333,0.2550427143770105,999.0,0.0005852107019491,not_listed,0.0,0.22738812728050325
Mauritius,1297.1109180193248,177.0,1990-02-10,2025-10-13,0.8870056497175142,0.8700564971751412,1.694915254237288,-0.8248587570621468,0.2259887005649717,0.2598870056497175,5.0,0.4,0.8,2.0,-1.2,0.0,0.2,0.6,10.0,0.6,0.8,1.6,-0.8,0.1,0.2,0.5,20.0,1.0,0.75,1.3,-0.55,0.25,0.35,0.45,50.0,0.86,0.68,1.36,-0.68,0.2,0.28,0.5,1297.1109180193248,515.6999131086961,177.0,0.7591973390692851,1.56889991958813,0.5723640141398937,1.1828042717590028,0.8,1.6,0.75,1.3,0.68,1.36,2025-10-13,-0.6104402576191091,102600000.0,0.21630615171631,0.4149826246053963,0.1311856343511247,0.2244758888257329,0.2222222222222222,0.2550242599508084,999.0,0.0005852107019491,not_listed,0.0,0.2332116354976419
Zimbabwe,1435.5867064874742,324.0,1990-03-07,2026-03-28,1.4290123456790125,1.3271604938271604,1.123456790123457,0.2037037037037037,0.3796296296296296,0.3611111111111111,5.0,1.4,1.6,1.4,0.2,0.4,0.2,0.0,10.0,0.9,1.0,1.2,-0.2,0.2,0.1,0.3,20.0,1.05,0.95,1.05,-0.1,0.2,0.25,0.35,50.0,1.02,0.88,1.06,-0.18,0.2,0.28,0.42,1435.5867064874742,674.0140179193634,324.0,1.1897405027691148,1.1176621494822283,0.8969534202853684,0.8426130617292503,1.0,1.2,0.95,1.05,0.88,1.06,2026-03-28,0.054340358556118,22080000.0,0.3744103079908628,0.0782657740540349,0.3226800508984898,0.3964861264728264,0.3333333333333333,0.2918183112493415,999.0,0.0005852107019491,not_listed,0.0,0.2282326405555584
Bangladesh,1272.0999466785015,194.0,1990-09-26,2026-03-26,1.0360824742268042,0.8505154639175257,1.654639175257732,-0.8041237113402062,0.2577319587628865,0.2835051546391752,5.0,1.0,0.8,1.4,-0.6,0.2,0.4,0.4,10.0,1.2,0.8,1.0,-0.2,0.3,0.4,0.5,20.0,1.05,0.7,1.65,-0.95,0.25,0.25,0.5,50.0,0.96,0.7,1.56,-0.86,0.22,0.24,0.48,1272.0999466785015,580.4449760053257,194.0,0.7674432158661284,1.623838926151373,0.5785806364865027,1.2242231607766394,0.8,1.0,0.7,1.65,0.7,1.56,2026-03-26,-0.6456425242901367,102600000.0,0.1877499790799837,0.4149826246053963,0.1348531861769711,0.2100614662762312,0.4444444444444444,0.2656397911417681,999.0,0.0005852107019491,not_listed,0.0,0.22250282287615272
Belize,1280.7371092206604,68.0,1996-06-02,2026-03-30,0.7794117647058824,1.0441176470588236,1.9705882352941175,-0.9264705882352942,0.2058823529411764,0.1470588235294117,5.0,1.2,0.6,1.2,-0.6,0.4,0.4,0.4,10.0,0.7,0.6,1.7,-1.1,0.2,0.2,0.4,20.0,0.4,0.55,2.0,-1.45,0.1,0.1,0.5,50.0,0.7,0.92,1.92,-1.0,0.18,0.16,0.44,1280.7371092206604,442.3316991492971,68.0,0.8211940593337425,1.9035486407468916,0.6191037613017769,1.4350982084106043,0.6,1.7,0.55,2.0,0.92,1.92,2026-03-30,-0.8159944471088274,102600000.0,0.1976114235349347,0.4149826246053963,0.1587601652596436,0.1495754113993205,0.2592592592592592,0.2450859168133468,999.0,0.0005852107019491,not_listed,0.0,0.21991469462401167
Maldives,1236.702760465403,183.0,1991-12-24,2025-11-18,0.989071038251366,1.2513661202185793,2.2295081967213113,-0.9781420765027322,0.2841530054644808,0.2131147540983606,5.0,0.0,0.4,2.8,-2.4,0.0,0.0,0.6,10.0,0.4,0.6,2.2,-1.6,0.1,0.1,0.4,20.0,0.8,0.85,2.0,-1.15,0.25,0.2,0.4,50.0,0.98,1.2,1.9,-0.7,0.3,0.26,0.34,1236.702760465403,380.5162422094313,183.0,1.2280359878537344,1.959263828311818,0.9258246457737744,1.4771022655406152,0.6,2.2,0.85,2.0,1.2,1.9,2025-11-18,-0.5512776197668406,102600000.0,0.1473353887561133,0.4149826246053963,0.3397128880004865,0.1395898765142591,0.1481481481481481,0.2420232717080154,999.0,0.0005852107019491,not_listed,0.0,0.21527028394969266
Mauritania,1466.6817012135025,162.0,1990-05-18,2026-03-27,0.9567901234567902,0.7345679012345679,1.4197530864197532,-0.6851851851851852,0.228395061728395,0.3395061728395062,5.0,0.2,0.4,2.0,-1.6,0.0,0.0,0.6,10.0,0.8,0.7,1.3,-0.6,0.1,0.3,0.5,20.0,0.8,0.55,1.2,-0.65,0.15,0.35,0.6,50.0,1.16,0.78,1.18,-0.4,0.28,0.42,0.5,1466.6817012135025,626.0067655460762,162.0,0.7853189706149726,1.3225443136100854,0.5920572890211014,0.997075112438818,0.7,1.3,0.55,1.2,0.78,1.18,2026-03-27,-0.4050178234177165,25850000.0,0.4099128890550692,0.1128190109211645,0.1428038575952734,0.3038377075138174,0.2962962962962963,0.2683001282955586,999.0,0.0005852107019491,not_listed,0.0,0.22955950982923198
Chad,1305.0377366267526,95.0,1990-08-19,2025-11-17,0.7473684210526316,0.7368421052631579,1.6631578947368422,-0.9263157894736842,0.1684210526315789,0.1789473684210526,5.0,0.4,1.0,2.0,-1.0,0.0,0.0,0.2,10.0,0.3,0.6,1.9,-1.3,0.0,0.1,0.5,20.0,0.55,0.6,1.75,-1.15,0.1,0.15,0.55,50.0,0.64,0.64,1.78,-1.14,0.14,0.18,0.54,1305.0377366267526,417.26698148203866,95.0,0.6434351465952364,1.732156300975071,0.4850901134551143,1.3058843630289951,0.6,1.9,0.6,1.75,0.64,1.78,2025-11-17,-0.8207942495738808,102600000.0,0.2253565639344507,0.4149826246053963,0.0796976178754598,0.1843206250587929,0.1111111111111111,0.2333343010796558,999.0,0.0005852107019491,not_listed,0.0,0.22788669988841065
Armenia,1397.840766944652,228.0,1992-10-14,2026-03-29,0.8991228070175439,0.9649122807017544,1.8640350877192984,-0.8991228070175439,0.2280701754385964,0.1973684210526315,5.0,0.0,0.4,3.8,-3.4,0.0,0.0,0.6,10.0,0.4,0.9,3.6,-2.7,0.1,0.0,0.4,20.0,0.75,1.0,2.4,-1.4,0.2,0.0,0.4,50.0,0.88,1.04,2.42,-1.38,0.22,0.08,0.34,1397.840766944652,349.02834512509344,228.0,1.0897027810445017,2.105697023190632,0.8215343045625672,1.5874992425991958,0.9,3.6,1.0,2.4,1.04,2.42,2026-03-29,-0.7659649380366287,40850000.0,0.3313140383091716,0.2131209222233203,0.2781858705943327,0.1158649230222823,0.1481481481481481,0.2431625778213472,999.0,0.0005852107019491,not_listed,0.0,0.2172615666853593
Taiwan,1247.8836902175865,113.0,1993-06-23,2025-11-18,0.7168141592920354,1.0707964601769913,2.831858407079646,-1.761061946902655,0.2035398230088495,0.1238938053097345,5.0,0.0,0.6,3.8,-3.2,0.0,0.0,0.4,10.0,0.6,1.3,3.0,-1.7,0.2,0.1,0.3,20.0,0.7,1.1,2.6,-1.5,0.2,0.1,0.35,50.0,0.94,1.12,2.46,-1.34,0.28,0.18,0.34,1247.8836902175865,333.54766059791393,113.0,1.0766466678413342,2.661549586232257,0.8116912124210813,2.006560253327288,1.3,3.0,1.1,2.6,1.12,2.46,2025-11-18,-1.1948690409062066,102600000.0,0.1601011688566587,0.4149826246053963,0.2723788505531087,0.0495694607438638,0.2222222222222222,0.2302955341679477,999.0,0.0005852107019491,not_listed,0.0,0.19523831192914937
Dominica,1270.44734667554,73.0,1990-05-30,2026-03-27,0.5342465753424658,0.821917808219178,2.643835616438356,-1.821917808219178,0.1095890410958904,0.136986301369863,5.0,0.4,0.6,2.2,-1.6,0.0,0.4,0.6,10.0,0.5,0.7,2.2,-1.5,0.0,0.3,0.5,20.0,0.75,0.95,2.15,-1.2,0.15,0.3,0.45,50.0,0.56,0.78,2.48,-1.7,0.12,0.14,0.56,1270.44734667554,403.70130600399307,73.0,0.8675447329301246,2.4390297112069668,0.6540478479475971,1.838801012954398,0.7,2.2,0.95,2.15,0.78,2.48,2026-03-27,-1.184753165006801,102600000.0,0.1858631298912705,0.4149826246053963,0.1793757409911044,0.0724819244769524,0.1851851851851851,0.2250949199520208,999.0,0.0005852107019491,not_listed,0.0,0.20290563014561475
Eritrea,1291.1488911544952,71.0,1992-06-26,2019-09-10,0.6901408450704225,0.676056338028169,1.704225352112676,-1.028169014084507,0.1549295774647887,0.1971830985915492,5.0,0.0,0.4,2.0,-1.6,0.0,0.0,0.6,10.0,0.1,0.4,2.1,-1.7,0.0,0.1,0.7,20.0,0.55,0.9,2.15,-1.25,0.15,0.05,0.45,50.0,0.68,0.74,1.76,-1.02,0.16,0.16,0.48,1291.1488911544952,367.0170010195229,71.0,0.6687465051164156,1.8589552552762825,0.5041725180171173,1.4014789531806855,0.4,2.1,0.9,2.15,0.74,1.76,2019-09-10,-0.8973064351635684,102600000.0,0.2094990323088123,0.4149826246053963,0.090955452723846,0.1579989033491818,0.037037037037037,0.2181171745740913,999.0,0.0005852107019491,not_listed,0.0,0.21999631259074826
Guinea-Bissau,1379.984121866359,103.0,1990-02-21,2025-10-12,0.970873786407767,0.8640776699029126,1.4563106796116505,-0.5922330097087378,0.2524271844660194,0.2621359223300971,5.0,0.6,0.4,1.0,-0.6,0.2,0.2,0.8,10.0,0.5,0.5,1.1,-0.6,0.1,0.2,0.6,20.0,0.85,0.55,1.05,-0.5,0.2,0.35,0.55,50.0,0.88,0.74,1.28,-0.54,0.2,0.32,0.56,1379.984121866359,574.9928548398615,103.0,0.7501933546371439,1.2898044665998178,0.5655758493141959,0.9723923201096256,0.5,1.1,0.55,1.05,0.74,1.28,2025-10-12,-0.4068164707954296,41450000.0,0.3109262879650237,0.2163169893218589,0.1271808959397246,0.3166668365172571,0.1851851851851851,0.2479991265052888,999.0,0.0005852107019491,not_listed,0.0,0.22229589071922162
Nepal,1255.509618039991,179.0,1991-12-24,2025-11-18,0.8491620111731844,0.7486033519553073,2.022346368715084,-1.2737430167597763,0.2234636871508379,0.2402234636871508,5.0,0.4,0.6,1.4,-0.8,0.0,0.2,0.6,10.0,0.8,0.7,1.5,-0.8,0.2,0.3,0.5,20.0,0.85,0.6,1.55,-0.95,0.2,0.3,0.55,50.0,0.98,0.7,1.64,-0.94,0.26,0.28,0.5,1255.509618039991,494.9793281179959,179.0,0.7263657728546986,1.7492974791221074,0.5476120740815718,1.3188072132899724,0.7,1.5,0.6,1.55,0.7,1.64,2025-11-18,-0.7711951392084007,102600000.0,0.168808040270857,0.4149826246053963,0.1165830064460125,0.1805392952706844,0.2962962962962963,0.2370264451332832,999.0,0.0005852107019491,not_listed,0.0,0.21141053072995045
Tonga,1334.3018548037528,25.0,1993-12-07,2024-09-09,0.32,0.52,4.2,-3.68,0.08,0.08,5.0,0.0,0.4,5.2,-4.8,0.0,0.0,0.6,10.0,0.0,0.5,4.7,-4.2,0.0,0.0,0.7,20.0,0.2,0.5,4.7,-4.2,0.05,0.05,0.6,25.0,0.32,0.52,4.2,-3.68,0.08,0.08,0.6,1334.3018548037528,-17.564165338311227,25.0,0.5622463426887895,4.288645819061889,0.423881324493764,2.5,0.5,4.7,0.5,4.7,0.52,4.2,2024-09-09,-2.076118675506236,102600000.0,0.258768749304008,0.4149826246053963,0.0435869466464937,0.0,0.0,0.2008527604047259,999.0,0.0005852107019491,not_listed,0.0,0.19292291485551116
Moldova,1274.8512209958606,260.0,1991-07-02,2026-03-30,0.7384615384615385,0.7538461538461538,1.8153846153846152,-1.0615384615384615,0.173076923076923,0.1807692307692307,5.0,0.2,0.8,2.4,-1.6,0.0,0.0,0.4,10.0,0.1,0.6,3.3,-2.7,0.0,0.0,0.5,20.0,0.75,0.9,2.5,-1.6,0.2,0.15,0.4,50.0,0.8,0.86,2.26,-1.4,0.22,0.18,0.42,1274.8512209958606,259.68304944813724,260.0,0.7306816237939552,2.0141614623498127,0.5508658233255439,1.518489963531351,0.6,3.3,0.9,2.5,0.86,2.26,2026-03-30,-0.9676241402058068,102600000.0,0.1908912351034217,0.4149826246053963,0.1185025848465061,0.1302912016917842,0.037037037037037,0.2115803601219939,999.0,0.0005852107019491,not_listed,0.0,0.21163712236629478
Belarus,1456.4331650192105,275.0,1992-10-28,2026-03-29,1.1527272727272728,1.1418181818181818,1.450909090909091,-0.3090909090909091,0.2945454545454545,0.2654545454545454,5.0,1.6,1.2,1.0,0.2,0.4,0.4,0.2,10.0,1.1,1.2,2.3,-1.1,0.3,0.2,0.3,20.0,1.2,1.1,1.75,-0.65,0.3,0.35,0.4,50.0,1.1,1.02,1.7,-0.68,0.28,0.32,0.38,1456.4331650192105,597.3949242586448,275.0,1.06759745021632,1.5320983231658205,0.8048689459850212,1.1550592990476232,1.2,2.3,1.1,1.75,1.02,1.7,2026-03-29,-0.3501903530626019,15680000.0,0.3982116654262148,0.003239018133284,0.2683539935923781,0.2347097475200684,0.4074074074074074,0.2563841393401039,999.0,0.0005852107019491,not_listed,0.0,0.20196107002362612
Anguilla,1276.7064078538333,33.0,1991-05-14,2026-03-26,0.3939393939393939,0.5757575757575758,4.0606060606060606,-3.484848484848485,0.0909090909090909,0.0303030303030303,5.0,1.2,1.0,1.2,-0.2,0.4,0.0,0.6,10.0,0.8,0.6,1.6,-1.0,0.2,0.1,0.7,20.0,0.45,0.4,3.3,-2.9,0.1,0.05,0.75,33.0,0.3939393939393939,0.5757575757575758,4.0606060606060606,-3.484848484848485,0.0909090909090909,0.0303030303030303,0.6363636363636364,1276.7064078538333,342.517883534225,33.0,0.4931031345037533,3.141378534461506,0.3717537917026013,2.368306546123439,0.6,1.6,0.4,3.3,0.5757575757575758,4.0606060606060606,2026-03-26,-1.9965527544208377,102600000.0,0.1930093869923267,0.4149826246053963,0.0128338435294328,0.0112087851088846,0.2962962962962963,0.2045349655240407,999.0,0.0005852107019491,not_listed,0.0,0.17356572589742583
Bahamas,1263.732923968278,32.0,1999-05-05,2026-03-26,0.375,0.625,3.71875,-3.09375,0.09375,0.0,5.0,0.0,1.2,4.0,-2.8,0.0,0.0,0.2,10.0,0.0,0.8,3.5,-2.7,0.0,0.0,0.5,20.0,0.25,0.6,3.55,-2.95,0.05,0.0,0.6,32.0,0.375,0.625,3.71875,-3.09375,0.09375,0.0,0.59375,1263.732923968278,122.67981578572515,32.0,0.743867255759734,3.4588137617682064,0.5608065605390811,2.5,0.8,3.5,0.6,3.55,0.625,3.71875,2026-03-26,-1.939193439460919,102600000.0,0.1781969656560221,0.4149826246053963,0.124367211469298,0.0,0.0,0.1847696758513515,999.0,0.0005852107019491,not_listed,0.0,0.17223253261594992
Cambodia,1190.4850132174297,168.0,1995-12-06,2025-06-05,0.5952380952380952,0.9345238095238096,2.9761904761904763,-2.0416666666666665,0.1666666666666666,0.1130952380952381,5.0,0.0,1.2,2.2,-1.0,0.0,0.0,0.0,10.0,0.7,1.5,2.1,-0.6,0.2,0.1,0.0,20.0,0.75,1.35,1.9,-0.55,0.2,0.1,0.25,50.0,0.8,1.06,2.44,-1.38,0.24,0.14,0.34,1190.4850132174297,449.71825594784343,168.0,1.0332270642298196,2.599966905873259,0.7789568792819322,1.9601326536534256,1.5,2.1,1.35,1.9,1.06,2.44,2025-06-05,-1.1811757743714937,102600000.0,0.0945664678177642,0.4149826246053963,0.2530669386210876,0.0555180069773051,0.2592592592592592,0.2090575876532514,999.0,0.0005852107019491,not_listed,0.0,0.17371853629358813
Mongolia,1224.2622601367136,62.0,1997-05-13,2024-12-11,0.7419354838709677,0.8870967741935484,2.693548387096774,-1.8064516129032255,0.2096774193548387,0.1612903225806451,5.0,0.6,0.4,2.2,-1.8,0.2,0.0,0.8,10.0,0.6,0.5,2.0,-1.5,0.2,0.1,0.7,20.0,0.55,0.4,2.45,-2.05,0.15,0.15,0.7,50.0,0.84,0.88,2.06,-1.18,0.24,0.18,0.56,1224.2622601367136,338.91801706152114,62.0,0.6703072171351744,2.2354757440816324,0.505349149375004,1.6853402989577124,0.5,2.0,0.4,2.45,0.88,2.06,2024-12-11,-1.1799911495827085,102600000.0,0.1331314991819217,0.4149826246053963,0.091649616892805,0.0974363257228675,0.2222222222222222,0.2009267944795948,999.0,0.0005852107019491,not_listed,0.0,0.18439070086284307
Kazakhstan,1407.4484589810315,231.0,1992-06-01,2026-03-31,0.9913419913419912,1.1341991341991342,1.6883116883116882,-0.5541125541125541,0.2554112554112554,0.2510822510822511,5.0,2.0,1.6,1.4,0.2,0.6,0.6,0.2,10.0,1.6,1.4,1.5,-0.1,0.5,0.5,0.2,20.0,1.0,0.95,2.0,-1.05,0.3,0.35,0.45,50.0,1.04,0.94,1.78,-0.84,0.3,0.26,0.4,1407.4484589810315,651.3518065414642,231.0,0.9801897239113136,1.7866407745121495,0.7389716693216095,1.3469605765207486,1.4,1.5,0.95,2.0,0.94,1.78,2026-03-31,-0.6079889071991391,17350000.0,0.342283580782706,0.0254227770425918,0.2294773072070414,0.1725526137966834,0.5925925925925926,0.245718694944413,999.0,0.0005852107019491,not_listed,0.0,0.17905751479734766
Laos,1167.3457698690436,158.0,1993-06-07,2025-11-19,0.7468354430379747,1.0316455696202531,3.0,-1.9683544303797469,0.189873417721519,0.0949367088607595,5.0,0.6,0.6,3.2,-2.6,0.2,0.0,0.6,10.0,0.6,1.1,2.8,-1.7,0.1,0.0,0.3,20.0,0.55,0.9,2.65,-1.75,0.1,0.0,0.4,50.0,0.62,0.94,2.54,-1.6,0.14,0.06,0.4,1167.3457698690436,289.3055964410696,158.0,0.9863135761736364,2.675425357661158,0.7435884830042808,2.0170212913547263,1.1,2.8,0.9,2.65,0.94,2.54,2025-11-19,-1.2734328083504454,102600000.0,0.0681473328419081,0.4149826246053963,0.2322010376361078,0.0482669408289712,0.2222222222222222,0.1918896416380009,999.0,0.0005852107019491,not_listed,0.0,0.16131761462837937
Djibouti,1199.2683420319447,79.0,1994-11-28,2025-11-26,0.2784810126582278,0.5949367088607594,3.569620253164557,-2.9746835443037973,0.0632911392405063,0.0632911392405063,5.0,0.2,0.4,2.6,-2.2,0.0,0.0,0.6,10.0,0.5,0.5,2.3,-1.8,0.1,0.1,0.7,20.0,0.7,0.75,2.5,-1.75,0.15,0.15,0.55,50.0,0.36,0.52,3.28,-2.76,0.08,0.06,0.66,1199.2683420319447,321.67075391437515,79.0,0.6017889497504231,3.120282143534578,0.4536927636843953,2.3524018341685684,0.5,2.3,0.75,2.5,0.52,3.28,2025-11-26,-1.8987090704841731,102600000.0,0.1045947970070237,0.4149826246053963,0.0611744712118785,0.0126474136188453,0.1851851851851851,0.1699456363469345,999.0,0.0005852107019491,not_listed,0.0,0.1484160113485474
Gibraltar,1203.2016429253415,90.0,1993-07-06,2025-11-14,0.6,0.6555555555555556,3.077777777777778,-2.422222222222222,0.1555555555555555,0.2,5.0,0.0,0.4,3.2,-2.8,0.0,0.0,0.6,10.0,0.7,0.6,1.9,-1.3,0.1,0.3,0.5,20.0,0.35,0.3,2.95,-2.65,0.05,0.15,0.75,50.0,0.4,0.42,3.1,-2.68,0.08,0.16,0.64,1203.2016429253415,299.44073931640366,90.0,0.4738489055481075,3.1458030650629767,0.357237898130408,2.37164222970058,0.6,1.9,0.3,2.95,0.42,3.1,2025-11-14,-2.014404331570172,102600000.0,0.1090856269636806,0.4149826246053963,0.0042700625875958,0.0109095103870668,0.2592592592592592,0.1701284874607626,999.0,0.0005852107019491,not_listed,0.0,0.14494063312516314
Guam,1192.6043967138269,64.0,1991-09-09,2023-10-17,0.421875,0.75,4.859375,-4.109375,0.109375,0.09375,5.0,0.0,0.4,1.8,-1.4,0.0,0.0,0.6,10.0,0.0,0.4,2.4,-2.0,0.0,0.0,0.6,20.0,0.25,0.5,2.2,-1.7,0.05,0.1,0.7,50.0,0.48,0.62,3.32,-2.7,0.12,0.12,0.6,1192.6043967138269,256.67197852122206,64.0,0.6752065098403146,2.846310451672476,0.5090427593165221,2.145852720723138,0.4,2.4,0.5,2.2,0.62,3.32,2023-10-17,-1.636809961406616,102600000.0,0.0969862651211546,0.4149826246053963,0.093828695036802,0.0332672015333983,0.0,0.1567552334292832,999.0,0.0005852107019491,not_listed,0.0,0.15583713377039776
Pakistan,1177.264394908514,131.0,1990-09-27,2025-11-18,0.6412213740458015,0.648854961832061,2.4198473282442747,-1.7709923664122138,0.1679389312977099,0.2137404580152671,5.0,0.4,0.2,1.8,-1.6,0.0,0.2,0.8,10.0,0.5,0.3,2.8,-2.5,0.1,0.2,0.7,20.0,0.3,0.25,2.4,-2.15,0.05,0.15,0.75,50.0,0.64,0.5,1.92,-1.42,0.16,0.18,0.6,1177.264394908514,249.76897770883136,131.0,0.5301068931240667,2.17505690009954,0.3996511758638139,1.639790123408261,0.3,2.8,0.25,2.4,0.5,1.92,2025-11-18,-1.240138947544447,102600000.0,0.0794718817801496,0.4149826246053963,0.0292921542506239,0.1057422212181306,0.1851851851851851,0.1703344896132331,999.0,0.0005852107019491,not_listed,0.0,0.1635530479806888
Somalia,1188.5795536310534,85.0,1994-11-26,2025-11-26,0.3176470588235294,0.3529411764705882,2.6823529411764704,-2.3294117647058825,0.0823529411764705,0.0941176470588235,5.0,0.8,0.4,1.4,-1.0,0.2,0.2,0.8,10.0,0.5,0.4,1.7,-1.3,0.1,0.2,0.7,20.0,0.3,0.5,2.0,-1.5,0.05,0.1,0.6,50.0,0.32,0.36,2.46,-2.1,0.08,0.1,0.72,1188.5795536310534,372.86079913397407,85.0,0.3966962172968805,2.2951519579644137,0.35,1.730330600647248,0.4,1.7,0.5,2.0,0.36,2.46,2025-11-26,-1.3803306006472478,102600000.0,0.0923909172500303,0.4149826246053963,0.0,0.0896617895088593,0.1851851851851851,0.1680502641337071,999.0,0.0005852107019491,not_listed,0.0,0.16235837044387288
Brunei,1149.3506094204704,79.0,1991-06-22,2025-11-18,0.3924050632911392,0.6962025316455697,3.2025316455696204,-2.5063291139240507,0.1012658227848101,0.050632911392405,5.0,0.6,0.4,4.0,-3.6,0.2,0.0,0.8,10.0,0.6,0.6,3.8,-3.2,0.2,0.0,0.7,20.0,0.6,0.65,3.65,-3.0,0.2,0.05,0.6,50.0,0.52,0.78,3.1,-2.32,0.14,0.06,0.48,1149.3506094204704,121.20777423921174,79.0,0.6855180503626149,3.45570407010135,0.5168166995315198,2.5,0.6,3.8,0.65,3.65,0.78,3.1,2025-11-18,-1.98318330046848,102600000.0,0.0476014331491162,0.4149826246053963,0.098415000435438,0.0,0.2222222222222222,0.1573906300410777,999.0,0.0005852107019491,not_listed,0.0,0.12692990750858799
Seychelles,1148.8043915548503,129.0,1990-08-25,2025-10-14,0.5968992248062015,0.7286821705426356,2.2868217054263567,-1.558139534883721,0.1395348837209302,0.1240310077519379,5.0,0.0,0.0,4.8,-4.8,0.0,0.0,1.0,10.0,0.0,0.2,3.9,-3.7,0.0,0.0,0.8,20.0,0.2,0.35,2.9,-2.55,0.05,0.1,0.7,50.0,0.26,0.42,2.86,-2.44,0.02,0.14,0.6,1148.8043915548503,78.96197619968268,129.0,0.538684715906484,2.641501299661023,0.4061180545364181,1.9914457143424629,0.2,3.9,0.35,2.9,0.42,2.86,2025-10-14,-1.5853276598060448,102600000.0,0.0469777911699567,0.4149826246053963,0.0331073470290903,0.0514755643664852,0.0,0.1328753197701703,999.0,0.0005852107019491,not_listed,0.0,0.14028597094313927
Andorra,1128.7088340554938,194.0,1996-11-13,2026-03-27,0.2474226804123711,0.2989690721649484,2.5051546391752577,-2.2061855670103094,0.0412371134020618,0.1134020618556701,5.0,0.2,0.6,2.4,-1.8,0.0,0.0,0.6,10.0,0.2,0.3,2.1,-1.8,0.0,0.1,0.8,20.0,0.15,0.15,1.8,-1.65,0.0,0.1,0.9,50.0,0.36,0.34,2.02,-1.68,0.06,0.16,0.72,1128.7088340554938,273.9189753249723,194.0,0.2988107584899777,2.202699324841704,0.35,1.660629934576963,0.3,2.1,0.15,1.8,0.34,2.02,2026-03-27,-1.310629934576963,102600000.0,0.0240337718691869,0.4149826246053963,0.0,0.1018856182587907,0.074074074074074,0.1348477264517905,999.0,0.0005852107019491,not_listed,0.0,0.14219481172158668
Luxembourg,1360.7320605024163,249.0,1990-03-28,2025-11-14,0.4859437751004016,0.5381526104417671,2.2570281124497993,-1.7188755020080322,0.108433734939759,0.1285140562248996,5.0,0.0,0.0,2.0,-2.0,0.0,0.0,1.0,10.0,0.5,0.3,1.5,-1.2,0.1,0.2,0.7,20.0,0.75,0.5,1.8,-1.3,0.2,0.2,0.65,50.0,0.84,0.72,1.76,-1.04,0.22,0.2,0.56,1360.7320605024163,478.3294272260873,249.0,0.6526047124070775,2.003638442071217,0.4920031112040519,1.510556587296238,0.3,1.5,0.5,1.8,0.72,1.76,2025-11-14,-1.0185534760921862,17280000.0,0.2889453268730984,0.0245366358931705,0.0837760025838404,0.1320341375513013,0.1851851851851851,0.1581550629176668,999.0,0.0005852107019491,not_listed,0.0,0.14426194994613173
Cyprus,1320.2696753556818,272.0,1990-10-31,2026-03-30,0.8566176470588235,0.9485294117647058,1.9705882352941175,-1.0220588235294117,0.2242647058823529,0.1397058823529411,5.0,0.8,1.4,2.2,-0.8,0.2,0.0,0.4,10.0,0.8,1.2,2.1,-0.9,0.2,0.0,0.4,20.0,0.75,0.9,2.15,-1.25,0.2,0.1,0.45,50.0,0.68,0.72,2.26,-1.54,0.18,0.14,0.54,1320.2696753556818,464.1213539100568,272.0,0.7970858613269507,2.0460330954205914,0.60092842759768,1.54251820349324,1.2,2.1,0.9,2.15,0.72,2.26,2026-03-30,-0.94158977589556,18630000.0,0.2427475667068735,0.0410250866339148,0.1480374649578974,0.1251216603119342,0.2962962962962963,0.1658214184259888,999.0,0.0005852107019491,not_listed,0.0,0.1367063011392326
Liechtenstein,1111.989871306936,197.0,1991-03-12,2026-03-29,0.3096446700507614,0.3756345177664975,2.8121827411167515,-2.436548223350254,0.0609137055837563,0.0862944162436548,5.0,0.6,0.6,2.8,-2.2,0.2,0.2,0.4,10.0,0.3,0.3,3.3,-3.0,0.1,0.1,0.7,20.0,0.35,0.3,2.55,-2.25,0.05,0.15,0.75,50.0,0.28,0.28,2.62,-2.34,0.04,0.06,0.76,1111.989871306936,158.39544208812117,197.0,0.3443686294748152,2.646529754015522,0.35,1.9952367001259332,0.3,3.3,0.3,2.55,0.28,2.62,2026-03-29,-1.6452367001259334,102600000.0,0.0049449655992419,0.4149826246053963,0.0,0.0509947676000429,0.1111111111111111,0.1242367203622013,999.0,0.0005852107019491,not_listed,0.0,0.12371088933192295
Bhutan,1107.658814954984,82.0,1999-09-26,2025-11-18,0.3414634146341463,0.6097560975609756,3.707317073170732,-3.097560975609756,0.0853658536585365,0.1097560975609756,5.0,0.0,0.4,3.4,-3.0,0.0,0.0,0.6,10.0,0.4,0.5,2.5,-2.0,0.1,0.2,0.5,20.0,0.4,0.45,2.5,-2.05,0.1,0.15,0.55,50.0,0.24,0.5,3.8,-3.3,0.06,0.08,0.64,1107.658814954984,232.44646672974284,82.0,0.5466451784563245,3.372696845135738,0.4121195011497883,2.5,0.5,2.5,0.45,2.5,0.5,3.8,2025-11-18,-2.0878804988502115,102600000.0,0.0,0.4149826246053963,0.0366479540110459,0.0,0.1481481481481481,0.1240576640678208,999.0,0.0005852107019491,not_listed,0.0,0.10649425270217754
Azerbaijan,1335.3515487562734,276.0,1992-09-17,2025-11-16,0.8115942028985508,0.7137681159420289,1.7246376811594204,-1.0108695652173914,0.1847826086956521,0.2427536231884058,5.0,0.2,0.6,2.2,-1.6,0.0,0.0,0.4,10.0,0.2,0.4,2.3,-1.9,0.0,0.1,0.6,20.0,0.5,0.65,2.3,-1.65,0.1,0.15,0.45,50.0,0.76,0.82,1.86,-1.04,0.2,0.18,0.44,1335.3515487562734,354.908196940323,276.0,0.7507595418630261,1.738235376146062,0.5660027016972113,1.3104674189593442,0.4,2.3,0.65,2.3,0.82,1.86,2025-11-16,-0.7444647172621328,16280000.000000002,0.2599672330140173,0.0114700118664685,0.1274327213119943,0.1829710517292879,0.074074074074074,0.1478240078851229,999.0,0.0005852107019491,not_listed,0.0,0.14191265120468646
Lithuania,1286.3765924538648,299.0,1990-05-27,2026-03-29,0.903010033444816,0.8963210702341137,1.665551839464883,-0.7692307692307693,0.2307692307692307,0.217391304347826,5.0,0.8,0.4,1.6,-1.2,0.2,0.4,0.8,10.0,0.6,0.6,1.9,-1.3,0.1,0.3,0.6,20.0,0.55,0.75,1.7,-0.95,0.1,0.2,0.45,50.0,0.64,0.64,1.8,-1.16,0.14,0.18,0.56,1286.3765924538648,460.8694666042392,299.0,0.718954741649942,1.7640989692434783,0.5420248474792358,1.3299661569073271,0.6,1.9,0.75,1.7,0.64,1.8,2026-03-29,-0.7879413094280915,15450000.0,0.2040502800908253,0.0,0.1132867722557546,0.1773332218859567,0.2222222222222222,0.1372328193752678,999.0,0.0005852107019491,not_listed,0.0,0.11871258971115878
Bosnia and Herzegovina,1599.6764277821585,,,,,,,,,,,,,,,,,,,,,,,,,,,,,,,,,,,,,,,,,,,,,,,1.0227060235907115,1.0343915109216044,,,,,,,,,80000000.0,,,,,,,999.0,0.001001001001001001,,,0.3602625307263214
Cape Verde,1604.5766062240389,,,,,,,,,,,,,,,,,,,,,,,,,,,,,,,,,,,,,,,,,,,,,,,0.8824056748827903,0.7476788256777424,,,,,,,,,80000000.0,,,,,,,999.0,0.001001001001001001,,,0.3663201096249596
Czechia,1684.8074564253477,,,,,,,,,,,,,,,,,,,,,,,,,,,,,,,,,,,,,,,,,,,,,,,1.239592262037571,0.8424295774904421,,,,,,,,,80000000.0,,,,,,,999.0,0.001001001001001001,,,0.40909615891889195
Democratic Republic of Congo,1655.435709822745,,,,,,,,,,,,,,,,,,,,,,,,,,,,,,,,,,,,,,,,,,,,,,,0.9592661706742168,0.697853235713861,,,,,,,,,80000000.0,,,,,,,999.0,0.001001001001001001,,,0.3908076454657792
Ivory Coast,1717.1799919237476,,,,,,,,,,,,,,,,,,,,,,,,,,,,,,,,,,,,,,,,,,,,,,,1.2779029144612353,0.6123547891498953,,,,,,,,,80000000.0,,,,,,,999.0,0.001001001001001001,,,0.43141399450830015
New Zealand,1628.2105975609015,,,,,,,,,,,,,,,,,,,,,,,,,,,,,,,,,,,,,,,,,,,,,,,1.2972872894313026,0.8332929573235109,,,,,,,,,80000000.0,,,,,,,999.0,0.001001001001001001,,,0.39052781934215225
Saudi Arabia,1639.6477201063728,,,,,,,,,,,,,,,,,,,,,,,,,,,,,,,,,,,,,,,,,,,,,,,0.9880022889218794,0.7755175318145714,,,,,,,,,80000000.0,,,,,,,999.0,0.001001001001001001,,,0.38327543429259947
South Africa,1621.390974718233,,,,,,,,,,,,,,,,,,,,,,,,,,,,,,,,,,,,,,,,,,,,,,,0.9863955368033762,0.6319729470002864,,,,,,,,,80000000.0,,,,,,,999.0,0.001001001001001001,,,0.38149504047602395
South Korea,1779.4908005972886,,,,,,,,,,,,,,,,,,,,,,,,,,,,,,,,,,,,,,,,,,,,,,,1.2490654581551737,0.7147907361079179,,,,,,,,,80000000.0,,,,,,,999.0,0.001001001001001001,,,0.45003815861604207
United States,1761.8731727364438,,,,,,,,,,,,,,,,,,,,,,,,,,,,,,,,,,,,,,,,,,,,,,,1.3107848172534189,0.754727968032262,,,,,,,,,80000000.0,,,,,,,999.0,0.001001001001001001,,,0.4446413777128843
